Student_ID,Gender,Age,Study_Hours_Per_Day,Attendance_Percentage,Previous_Exam_Score,Assignments_Completed,Sleep_Hours,Internet_Usage_Hours,Social_Media_Hours,Extra_Curricular,Family_Income,Parental_Education,Distance_From_College_km,Class_Participation,Stress_Level,Final_Exam_Score
1,Male,17,5.3,56.1,52.3,7,5.1,1.7,5.3,Yes,Low,High School,15.7,9,2,61.5
2,Female,21,0.7,63.9,75.9,17,6.4,4.1,2.3,Yes,Low,Graduate,4.0,1,3,50.9
3,Female,20,3.3,71.2,56.7,8,8.1,6.1,4.0,Yes,Low,Postgraduate,7.6,7,2,56.5
4,Female,18,2.7,58.6,49.7,3,6.2,4.2,5.9,Yes,High,Postgraduate,8.1,3,6,32.7
5,Female,23,4.0,67.1,93.3,17,5.5,3.3,5.5,No,Low,High School,27.5,1,4,69.3
6,Female,23,4.8,87.3,48.4,15,6.3,7.4,3.5,No,Medium,High School,29.9,5,3,63.1
7,Female,21,1.5,77.2,82.6,3,5.2,2.1,4.9,Yes,High,Postgraduate,4.3,10,2,53.7
8,Male,21,7.1,88.8,83.4,10,5.0,4.0,3.4,Yes,Low,Graduate,23.1,5,9,76.4
9,Male,18,4.5,90.0,68.4,0,7.2,4.4,1.2,Yes,High,Graduate,24.7,6,5,53.3
10,Male,21,7.8,79.0,42.9,15,8.8,2.2,3.9,No,High,Postgraduate,11.8,10,7,81.4
11,Male,20,7.2,75.3,50.6,2,6.0,5.1,2.0,Yes,Low,Graduate,3.1,4,1,59.2
12,Male,18,2.3,85.1,48.5,4,7.8,7.2,4.2,Yes,High,Graduate,11.3,4,8,41.1
13,Male,24,3.6,93.9,38.4,20,8.9,1.7,3.1,Yes,Medium,High School,9.1,6,2,63.3
14,Male,19,2.4,96.5,62.9,17,4.9,5.6,4.0,No,Medium,Graduate,7.2,1,2,63.0
15,Female,19,3.5,57.6,58.9,12,5.7,6.5,3.5,Yes,Medium,High School,29.1,7,9,52.5
16,Male,19,4.8,79.4,82.1,1,4.7,4.3,6.5,Yes,High,High School,20.6,9,3,58.9
17,Female,20,2.3,60.4,91.1,7,7.1,1.3,1.0,No,Low,Graduate,12.5,10,10,53.6
18,Female,19,5.5,68.5,54.9,2,4.5,5.3,4.2,No,Low,High School,11.7,2,2,52.0
19,Male,19,1.7,92.5,79.3,19,8.9,6.6,3.9,No,Low,High School,22.5,9,5,72.7
20,Male,18,1.7,67.7,48.3,10,5.4,5.4,2.2,No,Medium,High School,1.1,8,5,49.9
21,Female,19,6.3,83.7,51.5,14,7.0,4.0,0.6,No,Low,High School,9.9,2,3,68.1
22,Male,20,7.2,90.8,89.2,11,5.4,2.7,1.2,Yes,Low,Graduate,1.7,9,7,89.2
23,Female,22,6.0,69.9,93.6,7,5.7,6.5,1.2,No,Low,High School,1.7,1,8,59.9
24,Male,21,1.9,69.8,89.5,8,6.1,4.6,4.9,Yes,High,Graduate,2.1,9,6,60.8
25,Female,17,5.0,70.6,84.5,13,7.2,4.6,3.0,Yes,Medium,Graduate,3.0,10,4,74.2
26,Female,19,5.5,69.9,54.8,3,7.7,3.1,2.5,Yes,Medium,Postgraduate,28.3,7,6,54.6
27,Female,24,5.6,95.6,73.8,9,6.3,6.8,2.5,No,Medium,Postgraduate,7.2,4,7,69.4
28,Male,21,4.0,95.6,85.1,5,7.5,3.0,4.8,Yes,Low,High School,1.7,10,6,63.1
29,Male,17,2.3,76.4,88.5,2,6.5,7.2,4.2,Yes,Medium,High School,6.1,7,8,48.4
30,Female,24,7.7,78.3,38.2,7,8.6,1.8,1.4,No,High,Graduate,27.0,8,9,68.0
31,Male,21,6.1,76.4,51.3,7,8.3,2.9,5.6,Yes,Medium,Graduate,10.3,8,4,61.9
32,Male,23,4.6,61.2,49.6,4,7.7,1.4,3.1,No,High,Postgraduate,1.6,9,8,49.0
33,Male,24,7.1,80.9,65.0,11,5.8,3.7,6.3,Yes,Medium,Graduate,15.1,7,9,71.8
34,Male,18,3.4,85.1,85.3,5,8.3,7.4,6.9,No,Low,Graduate,6.3,9,1,69.7
35,Female,17,2.5,69.7,63.6,10,7.9,3.7,5.4,Yes,Medium,High School,19.9,7,5,55.1
36,Male,24,6.4,84.3,82.5,7,5.4,1.1,1.5,No,Medium,High School,18.6,3,8,67.8
37,Female,23,7.7,87.3,84.0,5,8.8,1.8,0.7,Yes,Low,Postgraduate,21.0,5,10,72.8
38,Female,18,5.2,59.6,83.7,19,8.1,6.6,4.2,No,Low,Graduate,24.8,1,6,67.9
39,Female,24,1.3,98.2,75.0,14,7.7,4.0,5.3,No,High,Postgraduate,8.8,5,10,53.9
40,Female,19,6.9,92.4,40.5,14,5.6,4.3,4.5,No,Low,Graduate,24.1,7,6,66.3
41,Male,24,3.1,94.6,79.2,8,7.0,4.6,1.7,No,Medium,High School,3.7,4,7,56.4
42,Female,21,2.2,86.1,54.3,18,6.2,4.9,2.7,No,Medium,High School,4.5,9,6,58.9
43,Male,20,1.9,60.4,68.8,5,5.4,6.2,2.3,No,Low,Graduate,6.2,10,9,45.6
44,Female,24,0.6,79.0,52.3,1,7.0,5.9,1.3,No,Medium,Graduate,6.3,8,2,43.4
45,Female,18,0.9,97.3,65.1,2,6.3,1.5,4.6,Yes,Low,Postgraduate,23.2,1,3,35.3
46,Male,18,5.0,90.6,49.2,16,6.2,7.4,2.4,Yes,High,High School,8.7,10,7,67.8
47,Female,24,1.1,65.8,69.8,5,4.5,4.2,4.4,Yes,High,High School,27.8,5,1,41.4
48,Male,21,6.4,83.1,76.7,6,6.4,4.8,4.7,No,Medium,High School,14.6,5,3,66.6
49,Male,18,2.8,73.1,52.2,17,6.7,1.6,0.8,Yes,High,Postgraduate,18.0,7,6,57.7
50,Female,24,0.7,89.4,86.7,18,4.7,6.3,3.6,Yes,Medium,Graduate,12.8,8,5,59.6
51,Female,21,2.9,59.7,45.1,13,7.6,3.0,6.6,No,Low,Graduate,26.1,9,1,54.7
52,Male,21,6.7,55.1,89.8,14,6.4,2.3,2.9,Yes,Medium,Graduate,26.5,8,8,79.2
53,Male,24,4.1,56.3,74.7,7,7.7,3.2,0.6,Yes,High,High School,15.5,7,2,58.0
54,Male,18,5.9,77.9,52.2,15,8.9,2.7,4.1,No,Medium,Graduate,28.1,7,4,75.1
55,Female,22,4.3,91.9,52.8,9,8.3,5.1,4.8,No,Medium,Graduate,26.2,3,8,52.1
56,Male,24,7.9,65.7,59.1,13,4.7,6.2,5.1,Yes,Low,Postgraduate,29.0,7,7,77.3
57,Female,22,3.0,59.5,88.2,3,6.9,4.2,5.2,No,High,High School,25.7,7,3,50.7
58,Male,21,6.9,93.7,58.9,10,7.3,7.2,3.7,Yes,High,High School,13.6,9,1,82.2
59,Female,23,1.2,83.5,90.0,14,5.2,3.1,0.7,Yes,Low,Postgraduate,12.9,6,1,61.6
60,Female,24,5.6,63.1,46.0,19,8.4,5.3,2.1,No,High,High School,27.1,10,3,70.9
61,Female,20,4.0,67.9,69.4,2,6.5,3.4,4.3,No,Medium,High School,7.9,7,5,52.5
62,Male,24,4.8,80.9,97.5,9,4.6,6.8,3.1,No,Low,Postgraduate,24.3,1,10,63.1
63,Female,19,2.1,63.6,50.8,4,7.3,7.3,4.7,Yes,Medium,Graduate,22.7,5,8,30.1
64,Female,22,1.8,60.9,69.0,11,6.9,7.4,5.9,Yes,Medium,High School,5.1,5,8,48.3
65,Male,24,7.7,93.7,80.6,12,8.9,6.6,2.9,No,High,Postgraduate,20.5,7,1,87.5
66,Male,18,4.9,92.0,94.2,3,7.5,4.3,4.5,No,High,Graduate,19.8,9,6,74.2
67,Female,19,1.4,57.0,37.3,15,5.0,2.6,4.0,No,High,High School,25.2,7,8,37.9
68,Female,22,5.1,97.3,52.6,11,5.5,4.1,2.0,Yes,Medium,Graduate,6.5,6,2,73.4
69,Male,18,1.4,93.2,63.6,6,7.4,5.2,0.6,Yes,High,High School,24.6,6,4,53.6
70,Male,18,2.2,89.8,84.7,19,4.5,7.0,1.4,Yes,Low,High School,11.4,3,9,56.4
71,Female,18,6.4,81.5,36.0,8,4.7,6.2,3.9,No,High,High School,28.4,2,8,51.1
72,Male,24,0.8,90.2,89.6,16,5.9,5.5,0.7,No,Low,High School,10.3,8,7,60.2
73,Female,18,1.6,60.7,74.3,18,7.0,3.3,7.0,Yes,High,Postgraduate,26.5,9,5,57.4
74,Female,22,4.6,93.9,62.1,7,6.4,6.8,3.1,Yes,High,Graduate,2.9,2,6,55.0
75,Male,23,6.7,59.2,41.1,11,8.2,4.9,4.3,No,High,Graduate,26.2,9,9,59.2
76,Female,22,5.9,98.6,72.8,11,5.0,4.6,1.5,Yes,Medium,Postgraduate,7.6,8,4,81.0
77,Female,22,3.7,80.2,83.3,19,7.3,5.5,0.7,No,Low,High School,26.2,5,1,72.1
78,Male,22,4.7,73.0,43.9,20,8.9,1.6,3.9,No,High,Graduate,23.5,7,7,63.4
79,Female,23,4.8,58.8,38.3,5,7.9,1.3,1.0,No,Low,Postgraduate,4.3,8,7,47.7
80,Female,20,3.7,67.7,77.7,15,6.9,3.2,1.9,Yes,Medium,Graduate,10.5,10,1,69.0
81,Male,23,0.6,88.6,46.1,12,6.9,2.6,4.1,Yes,Medium,High School,26.0,6,2,46.1
82,Female,18,4.8,80.8,79.7,13,5.8,3.8,6.8,No,Low,High School,13.6,3,10,59.0
83,Female,22,3.5,58.5,89.8,10,5.5,6.5,1.0,Yes,Low,High School,5.2,2,9,52.0
84,Female,22,2.0,82.1,82.9,20,4.8,7.7,4.6,No,Low,Graduate,3.0,8,10,64.5
85,Female,18,3.8,68.6,52.3,1,6.1,1.5,3.5,Yes,High,Postgraduate,15.7,1,1,42.6
86,Male,17,4.0,79.9,84.9,1,6.5,6.7,4.7,No,Low,Graduate,29.5,6,10,51.3
87,Female,23,1.1,84.1,37.5,14,9.0,4.7,4.5,No,High,Postgraduate,2.5,6,6,47.3
88,Male,22,5.2,70.1,55.8,17,7.6,3.0,5.2,No,High,Postgraduate,20.2,10,3,71.6
89,Female,22,1.5,86.9,40.3,17,6.2,6.5,5.8,Yes,Medium,Graduate,6.2,9,2,57.3
90,Male,22,2.1,97.6,65.6,7,9.0,2.1,2.4,Yes,High,Graduate,5.5,2,9,46.3
91,Female,20,1.9,86.2,74.4,5,7.7,1.3,2.9,Yes,Medium,Graduate,27.2,4,8,45.9
92,Male,19,2.0,85.5,70.9,14,6.6,3.0,3.0,No,Low,Postgraduate,14.9,9,7,64.0
93,Male,23,3.3,97.0,79.8,16,8.3,3.0,5.5,Yes,Low,Graduate,26.7,5,8,68.3
94,Female,19,7.5,73.7,60.0,11,5.6,8.0,2.9,Yes,Low,Graduate,27.6,1,6,70.4
95,Female,18,4.0,92.4,82.8,15,6.5,1.0,1.0,No,Low,Graduate,4.5,5,4,75.1
96,Male,21,2.3,83.8,74.2,2,5.0,7.3,4.4,No,Low,Postgraduate,11.2,1,9,38.6
97,Female,24,4.8,63.4,77.1,16,8.9,1.5,3.9,Yes,High,Graduate,29.5,9,9,69.0
98,Female,22,2.4,55.7,84.7,11,5.6,5.6,1.2,Yes,High,Graduate,29.4,10,6,55.5
99,Female,24,4.1,63.2,43.5,14,4.7,2.4,5.6,No,Low,Postgraduate,6.5,1,6,50.4
100,Female,22,3.2,90.1,89.5,10,5.7,6.6,3.3,Yes,Medium,Postgraduate,15.4,7,8,67.3
101,Male,22,7.4,78.4,85.5,13,4.9,5.2,5.8,No,Medium,Graduate,18.5,9,5,82.5
102,Male,18,3.7,86.0,57.1,1,7.8,7.4,4.5,No,Medium,Postgraduate,24.2,7,5,51.9
103,Male,19,5.6,97.9,44.0,19,7.6,4.1,1.3,No,Medium,Graduate,13.9,4,6,67.4
104,Male,21,1.1,61.2,58.1,10,7.4,2.7,1.2,No,High,Graduate,7.2,3,8,35.9
105,Female,22,5.1,86.2,97.9,6,5.1,7.0,3.4,Yes,High,Postgraduate,9.4,8,2,79.9
106,Female,17,2.7,62.1,79.7,20,5.3,3.5,2.0,No,High,Postgraduate,11.7,4,3,61.5
107,Female,18,6.5,79.8,73.6,2,4.8,3.8,5.2,Yes,Medium,Postgraduate,3.2,8,9,61.3
108,Male,18,4.0,78.3,43.1,17,7.4,2.3,6.8,Yes,Medium,High School,5.7,7,9,58.9
109,Female,18,7.5,65.1,94.7,16,8.5,6.9,2.1,Yes,High,Postgraduate,5.5,9,5,85.7
110,Female,17,5.4,87.4,73.1,18,4.7,7.0,1.0,No,High,Postgraduate,9.4,10,5,82.3
111,Male,22,7.7,76.7,85.7,12,5.8,1.5,0.9,Yes,Medium,Postgraduate,10.3,8,7,82.7
112,Male,18,7.9,70.5,60.1,11,6.8,1.7,2.1,Yes,Medium,Graduate,26.1,2,5,69.0
113,Female,24,3.6,98.3,91.8,10,8.7,6.0,1.7,No,Medium,High School,3.6,3,8,67.3
114,Male,23,3.4,75.6,50.2,18,6.1,1.4,3.7,Yes,Medium,Postgraduate,11.6,8,5,62.6
115,Female,18,3.5,57.0,38.2,17,5.4,4.9,1.0,Yes,Low,Graduate,11.8,9,8,55.5
116,Female,24,7.9,80.1,58.0,4,5.4,4.6,3.8,No,Low,Postgraduate,26.9,1,1,63.8
117,Female,21,1.5,96.9,55.1,12,9.0,6.2,2.4,No,Low,Graduate,10.6,6,9,50.6
118,Male,24,1.3,73.7,54.4,20,4.6,4.3,6.8,Yes,High,Postgraduate,21.9,10,10,47.4
119,Male,23,6.3,72.1,86.8,7,4.6,7.6,1.2,Yes,Medium,Postgraduate,23.5,1,8,59.7
120,Male,24,7.4,94.3,81.4,1,7.7,4.6,4.1,No,High,Graduate,20.6,8,9,70.1
121,Female,21,7.0,85.6,85.6,8,7.2,2.3,2.1,Yes,High,Postgraduate,15.2,9,5,78.5
122,Male,21,4.1,80.2,93.9,8,5.8,5.0,4.0,Yes,Medium,Postgraduate,3.3,7,6,71.5
123,Male,20,7.4,84.5,82.1,6,5.4,4.8,6.6,Yes,High,Postgraduate,7.5,5,3,71.6
124,Female,24,2.2,59.5,55.8,15,5.0,6.4,0.5,Yes,Medium,Graduate,9.3,9,3,55.1
125,Male,17,0.9,89.6,76.1,7,6.9,6.1,6.6,No,Medium,High School,28.2,3,7,45.4
126,Female,19,7.7,96.7,90.2,0,5.8,5.2,6.5,No,Medium,High School,24.5,6,5,74.5
127,Female,23,3.0,87.9,75.8,5,4.6,3.4,2.4,No,Low,Graduate,20.4,4,3,55.9
128,Male,21,1.9,61.3,55.4,7,4.5,3.7,3.4,No,High,High School,2.8,5,6,37.2
129,Male,20,1.4,68.8,60.5,16,8.7,7.2,5.5,Yes,Medium,High School,14.2,2,5,44.1
130,Male,24,7.9,71.8,79.2,15,7.9,6.6,5.9,No,Low,Postgraduate,4.3,4,10,78.0
131,Female,18,6.7,95.6,47.7,17,5.2,3.3,3.9,No,Low,Graduate,4.8,2,4,73.9
132,Female,22,3.6,80.4,70.2,9,7.8,3.8,5.8,Yes,High,High School,28.1,4,10,45.6
133,Female,24,1.0,97.0,37.0,13,5.3,1.9,4.7,No,Medium,High School,20.8,7,6,49.8
134,Male,21,5.5,79.3,76.2,11,5.0,7.9,3.1,No,High,Postgraduate,16.8,3,4,70.7
135,Female,17,4.5,92.1,50.6,11,5.2,2.3,6.2,Yes,Low,High School,3.9,2,1,62.1
136,Male,19,0.8,81.9,79.3,1,5.6,1.3,3.4,No,Low,Postgraduate,17.7,9,4,50.1
137,Male,19,4.8,89.8,86.6,7,5.9,2.0,4.8,No,High,Graduate,2.4,4,7,61.4
138,Female,20,3.1,83.9,59.0,16,5.9,3.9,1.5,Yes,Medium,Postgraduate,5.2,7,3,66.7
139,Female,22,4.0,57.6,61.0,13,7.0,1.9,2.1,Yes,High,Postgraduate,25.1,4,6,55.6
140,Female,21,0.9,72.0,73.1,1,8.4,2.3,5.5,Yes,Low,High School,28.9,9,4,43.3
141,Female,23,1.4,100.0,65.2,7,7.6,5.9,3.1,No,High,Postgraduate,11.4,4,9,41.6
142,Female,17,2.5,78.1,66.3,3,8.1,6.1,5.5,Yes,High,High School,1.5,6,4,46.3
143,Female,21,4.6,81.3,80.4,9,5.2,3.3,3.0,No,High,Postgraduate,22.4,4,8,60.8
144,Male,17,4.0,88.0,57.2,4,7.7,4.4,6.5,Yes,Medium,High School,25.4,9,1,60.4
145,Male,17,2.2,86.8,35.6,16,6.6,1.4,4.6,No,Low,High School,16.4,10,8,53.6
146,Male,21,2.6,99.0,36.1,13,8.1,7.4,1.2,No,Medium,Graduate,3.3,2,9,39.5
147,Female,24,7.7,75.7,50.3,7,5.8,6.8,1.0,Yes,High,High School,21.4,1,2,64.4
148,Female,21,1.1,93.0,75.6,10,7.0,7.0,1.1,Yes,Low,Postgraduate,27.8,9,1,58.5
149,Male,23,7.2,80.4,37.1,10,4.6,2.5,1.4,No,Medium,Postgraduate,5.1,7,2,67.4
150,Female,22,7.9,87.6,66.5,11,4.7,4.1,6.0,Yes,High,Graduate,23.7,6,10,74.2
151,Male,18,3.9,65.3,69.8,12,6.4,5.8,4.8,Yes,Medium,High School,12.0,2,10,47.3
152,Male,19,6.4,61.9,59.5,11,5.0,1.0,2.5,No,Medium,Postgraduate,17.1,6,5,61.8
153,Male,20,3.6,56.2,57.3,2,7.2,6.5,6.1,Yes,High,Graduate,5.9,1,5,36.4
154,Male,24,2.5,67.1,44.2,5,6.5,3.9,3.6,Yes,Medium,High School,4.9,2,6,32.8
155,Male,24,0.6,72.8,88.0,12,8.1,3.3,2.7,No,Low,Graduate,29.1,10,3,57.8
156,Male,19,2.7,86.3,65.9,18,8.0,3.3,2.3,Yes,High,Graduate,28.3,7,6,59.5
157,Male,21,2.1,90.9,87.4,2,8.2,6.6,3.2,Yes,High,Graduate,23.9,8,3,59.1
158,Female,18,1.1,99.6,65.2,12,6.9,7.5,6.2,Yes,Low,Postgraduate,20.3,7,9,43.9
159,Female,20,1.7,82.6,70.5,20,7.5,3.8,5.4,Yes,Medium,Graduate,12.3,7,2,60.1
160,Male,22,6.3,81.5,66.5,11,9.0,4.4,2.4,No,Medium,Graduate,23.7,2,2,73.2
161,Male,19,4.4,70.7,41.2,14,5.9,3.1,5.8,Yes,High,High School,17.0,2,1,58.9
162,Male,24,3.0,74.2,64.1,12,7.3,2.3,4.8,No,Medium,High School,21.4,7,1,63.8
163,Male,21,2.0,88.9,85.9,2,7.1,6.6,4.0,No,High,Postgraduate,10.1,6,6,47.8
164,Male,22,3.4,72.7,42.2,11,8.3,5.3,5.8,Yes,Low,Graduate,4.4,5,10,43.7
165,Female,21,3.3,61.4,59.5,19,5.1,3.7,1.7,Yes,Low,Graduate,25.4,9,3,66.3
166,Female,23,5.1,93.9,95.0,15,5.1,6.7,6.8,No,Medium,High School,3.4,9,8,77.2
167,Male,18,0.7,89.2,53.4,8,5.5,3.0,5.6,No,High,Graduate,16.7,10,8,43.7
168,Male,24,6.2,89.2,62.8,6,9.0,1.7,5.9,No,Medium,High School,13.7,4,5,66.8
169,Male,20,8.0,89.9,49.9,18,7.6,7.0,4.5,Yes,High,Graduate,16.4,7,3,85.9
170,Female,17,5.0,62.6,96.7,9,5.8,2.9,6.1,No,High,High School,21.3,2,3,69.7
171,Female,24,1.5,61.6,55.3,7,7.9,5.7,3.7,Yes,High,High School,12.7,10,5,47.0
172,Female,18,6.1,86.3,90.3,14,8.8,3.3,0.5,No,Low,Graduate,24.9,2,8,74.0
173,Female,17,4.2,69.5,52.9,17,7.1,5.0,3.7,Yes,Low,Graduate,14.2,6,1,61.8
174,Female,18,7.9,74.3,97.7,4,8.5,3.1,6.2,No,High,Postgraduate,5.8,5,2,81.3
175,Male,24,3.5,68.7,79.1,7,6.4,1.6,1.1,Yes,Low,Postgraduate,11.0,4,8,47.3
176,Female,19,1.4,93.7,78.7,15,4.8,3.7,5.2,No,Low,Postgraduate,29.8,2,2,55.1
177,Female,20,1.6,78.9,35.5,20,5.2,3.5,1.9,Yes,Low,High School,22.8,3,7,45.6
178,Female,17,4.9,72.3,95.7,10,8.1,2.7,4.7,No,Low,Postgraduate,18.6,4,9,64.8
179,Male,22,1.9,72.6,75.7,7,6.7,1.8,3.7,No,Low,Graduate,26.0,10,2,58.6
180,Male,17,4.8,71.4,78.0,15,8.8,6.4,0.6,No,High,Graduate,19.2,2,1,67.3
181,Male,19,4.3,73.7,79.2,2,7.4,4.8,1.5,No,Medium,Postgraduate,19.4,2,5,48.0
182,Male,21,6.8,85.6,39.2,13,7.8,6.9,0.9,Yes,Low,High School,21.5,2,7,57.5
183,Female,18,5.8,62.4,95.0,16,6.8,6.8,2.2,Yes,Medium,Graduate,8.9,6,3,83.0
184,Female,18,1.0,87.1,71.3,2,6.7,4.6,0.9,Yes,Low,Postgraduate,15.8,10,3,49.0
185,Female,20,0.8,93.8,50.4,15,6.1,7.4,1.7,No,Low,Graduate,27.6,1,9,42.2
186,Male,24,2.9,92.2,71.0,3,6.8,7.3,1.7,No,Medium,Graduate,3.5,9,1,65.6
187,Male,19,3.9,71.6,53.4,9,7.8,2.7,2.9,Yes,Medium,High School,7.8,8,4,59.8
188,Male,23,3.1,92.8,90.3,10,4.5,5.6,6.0,No,Low,High School,21.6,5,2,62.5
189,Male,23,1.2,96.5,91.5,16,6.4,7.3,3.5,Yes,High,Postgraduate,2.8,2,10,49.8
190,Male,18,5.5,60.9,53.4,10,8.7,3.8,5.9,Yes,Low,Postgraduate,4.2,6,6,56.8
191,Male,18,1.3,75.2,54.8,3,6.9,7.8,1.8,Yes,High,Graduate,25.0,5,8,31.9
192,Female,21,5.7,56.8,87.7,10,5.2,6.0,6.8,Yes,Low,Graduate,25.8,7,9,59.4
193,Female,22,4.7,79.8,41.0,3,8.1,2.0,0.6,Yes,High,Postgraduate,8.5,4,3,46.8
194,Female,17,6.6,56.0,39.1,20,6.5,1.9,6.4,Yes,High,Graduate,24.8,6,2,65.5
195,Male,21,3.5,56.3,78.0,5,6.1,7.4,2.3,No,Medium,Postgraduate,14.9,8,3,52.8
196,Female,24,1.2,72.2,61.4,20,8.5,4.7,4.6,No,Medium,Postgraduate,15.6,9,1,67.4
197,Male,19,3.4,63.1,55.1,7,4.6,6.7,2.3,Yes,Low,Postgraduate,8.0,8,9,44.7
198,Female,22,4.5,90.6,81.4,7,7.1,7.9,3.0,Yes,High,Postgraduate,11.2,3,3,62.0
199,Male,24,4.8,61.4,94.7,15,6.9,2.2,0.7,Yes,Medium,Postgraduate,6.8,1,4,69.0
200,Female,18,1.5,87.3,92.9,10,4.8,2.0,5.1,No,High,Postgraduate,12.5,3,2,60.4
201,Female,20,1.3,68.6,43.6,5,7.8,4.1,4.7,Yes,Medium,Graduate,22.3,8,6,33.8
202,Male,18,2.7,63.0,35.1,18,6.3,8.0,6.8,No,Low,Graduate,22.6,1,3,45.7
203,Male,20,2.3,99.2,45.6,2,8.2,5.7,5.2,Yes,Medium,Graduate,23.8,6,8,34.8
204,Male,24,5.9,57.2,62.6,13,8.9,7.2,3.7,Yes,Low,Graduate,3.1,7,6,66.6
205,Male,22,6.8,68.3,55.1,3,4.8,2.2,2.9,No,High,High School,13.5,2,9,55.2
206,Female,21,5.4,82.3,62.4,1,5.0,2.4,1.7,Yes,Low,High School,12.4,9,9,53.9
207,Male,20,4.6,77.1,38.4,0,6.4,3.1,4.8,Yes,High,Graduate,29.3,10,8,43.6
208,Female,22,4.1,60.2,84.4,15,6.7,5.6,1.1,Yes,Medium,High School,8.6,9,7,65.1
209,Male,17,4.0,65.2,51.9,1,5.2,5.9,1.1,No,High,Graduate,29.0,6,9,40.1
210,Male,18,5.7,97.1,71.1,7,6.6,1.6,6.4,No,Low,High School,29.2,1,9,58.0
211,Male,18,6.6,60.7,61.7,13,5.4,6.8,1.5,No,High,Graduate,17.0,10,5,72.2
212,Male,18,6.9,78.4,92.8,0,8.0,5.4,3.9,Yes,High,High School,23.8,7,2,74.4
213,Male,23,7.0,94.6,90.3,8,6.2,4.4,4.5,Yes,Medium,Graduate,21.0,1,3,74.2
214,Male,20,0.9,76.4,51.9,11,4.6,6.7,2.5,Yes,Medium,Postgraduate,13.9,5,8,41.8
215,Female,17,6.7,67.1,61.3,20,4.9,4.1,6.4,Yes,Low,Graduate,21.6,7,8,75.3
216,Male,22,3.5,90.1,68.0,18,4.6,2.3,5.9,Yes,Medium,Graduate,24.9,1,4,56.1
217,Female,19,4.3,83.6,42.8,0,5.6,4.4,3.4,No,High,Postgraduate,3.6,8,10,44.2
218,Male,24,0.7,57.2,88.8,6,8.4,5.5,4.9,Yes,High,High School,18.4,5,7,41.3
219,Male,24,0.6,66.4,85.7,9,7.7,6.0,2.3,No,High,Postgraduate,24.9,7,6,48.0
220,Female,22,3.5,59.6,67.2,11,7.0,5.2,2.3,No,Medium,Postgraduate,21.6,2,8,43.4
221,Male,17,7.2,68.4,44.4,7,8.5,6.6,5.7,No,Medium,Graduate,27.3,10,7,66.0
222,Female,21,3.5,88.2,71.7,18,8.2,3.4,5.1,Yes,High,Postgraduate,6.3,9,8,72.1
223,Male,21,1.2,60.8,51.3,17,7.9,2.3,4.9,No,Medium,Graduate,8.6,6,2,47.2
224,Female,21,2.7,93.3,64.6,20,7.1,7.6,1.0,No,Low,High School,5.0,4,9,55.3
225,Male,22,2.0,73.4,70.9,14,5.1,7.0,1.7,Yes,Low,Graduate,8.9,2,8,45.6
226,Female,23,6.2,62.6,83.2,15,8.0,6.5,1.3,Yes,Low,Postgraduate,6.8,7,7,73.8
227,Female,21,3.3,55.6,55.3,16,5.4,5.7,4.6,Yes,Low,Graduate,15.6,4,4,55.6
228,Female,22,2.8,57.9,37.9,9,6.6,4.6,3.9,Yes,Low,Graduate,1.6,7,3,44.4
229,Female,17,2.2,99.3,48.3,0,7.2,2.2,2.9,Yes,High,High School,20.0,1,7,37.9
230,Male,21,0.6,86.0,61.3,12,5.1,2.8,5.1,Yes,Medium,High School,15.8,4,1,46.5
231,Female,21,5.1,67.7,84.4,15,5.4,2.4,2.2,Yes,Low,Postgraduate,15.4,9,4,75.6
232,Male,18,2.1,97.0,55.8,0,4.6,1.6,1.2,Yes,Medium,Postgraduate,7.7,10,8,40.7
233,Male,18,7.9,68.3,64.2,3,8.2,7.1,6.0,Yes,Low,High School,20.2,6,6,64.6
234,Female,24,1.8,71.1,62.6,19,5.7,6.1,2.9,No,Medium,Postgraduate,25.7,6,3,55.0
235,Female,24,6.5,84.2,85.2,3,5.1,6.1,6.9,Yes,High,Graduate,23.6,3,2,67.1
236,Female,17,5.1,93.8,90.4,4,6.7,4.4,6.3,Yes,High,Graduate,16.1,8,1,69.7
237,Male,17,5.7,82.8,62.3,7,6.7,5.6,4.7,Yes,High,Graduate,25.7,3,9,59.7
238,Male,18,7.0,58.4,66.0,7,6.0,2.9,3.8,No,Medium,Postgraduate,14.0,9,7,66.8
239,Male,21,6.9,75.1,42.5,15,7.9,1.1,3.1,Yes,High,Postgraduate,14.2,1,9,59.7
240,Male,17,3.1,92.1,86.4,14,6.0,6.4,4.4,No,Medium,Postgraduate,29.0,6,8,60.7
241,Male,20,2.7,78.5,79.2,1,8.5,4.4,5.8,Yes,Medium,High School,14.3,7,2,51.0
242,Male,24,6.4,87.3,41.8,13,4.7,5.4,4.9,Yes,High,Postgraduate,2.4,2,8,57.7
243,Female,23,7.5,92.7,65.4,16,8.0,7.4,5.0,No,High,Postgraduate,23.1,3,3,76.5
244,Female,20,2.6,98.4,96.1,14,8.1,2.0,4.4,Yes,Low,Postgraduate,21.7,9,5,76.6
245,Female,23,5.6,96.5,43.4,20,8.9,2.2,4.0,No,Medium,High School,16.2,6,2,78.6
246,Female,20,0.7,61.5,77.2,6,5.7,6.5,6.9,Yes,Medium,Graduate,4.0,5,3,45.1
247,Female,23,7.0,88.3,89.5,20,7.0,2.7,5.6,No,High,High School,1.4,5,1,96.4
248,Male,20,2.4,82.9,84.2,14,8.2,7.4,5.1,No,Medium,High School,29.5,6,10,57.1
249,Female,17,1.1,98.3,81.3,3,6.2,4.0,4.1,No,Medium,Postgraduate,28.2,3,3,48.8
250,Female,20,0.8,96.8,72.6,20,7.3,5.6,3.7,Yes,High,High School,23.8,10,9,59.8
251,Female,17,1.7,79.4,60.4,11,5.5,2.5,2.7,Yes,High,Graduate,13.9,6,5,47.1
252,Female,17,7.3,82.6,74.1,1,7.6,3.2,6.5,No,High,Postgraduate,13.9,2,7,57.7
253,Male,20,0.8,95.4,47.1,16,4.9,1.7,6.8,Yes,High,Graduate,25.2,9,9,41.5
254,Female,17,2.0,92.3,90.4,13,7.4,7.6,5.4,Yes,Low,High School,6.2,3,1,63.1
255,Male,17,2.4,58.2,86.8,8,6.3,4.2,3.1,Yes,High,Postgraduate,2.3,6,1,57.1
256,Male,24,6.9,71.1,66.7,9,8.0,3.1,1.1,Yes,High,High School,5.0,8,7,69.4
257,Male,18,3.4,90.9,69.4,20,5.1,5.7,6.4,Yes,Low,Postgraduate,18.3,6,1,72.6
258,Female,20,4.5,97.6,54.2,11,5.5,7.3,6.0,Yes,Low,Postgraduate,24.2,3,3,57.3
259,Female,22,6.9,93.3,93.7,17,6.6,4.8,2.4,No,Low,Postgraduate,20.0,2,5,80.2
260,Female,22,1.3,82.9,91.7,10,6.7,3.3,4.8,No,Low,High School,10.1,10,3,63.9
261,Female,24,6.4,87.0,75.4,8,8.3,1.9,5.3,Yes,Low,Postgraduate,18.6,8,8,70.2
262,Male,23,6.8,93.6,43.8,17,5.4,6.1,4.6,Yes,Low,Postgraduate,8.6,2,1,77.2
263,Male,23,7.2,79.3,76.2,4,6.1,2.6,5.5,No,High,High School,20.2,5,3,70.7
264,Male,24,6.9,91.3,73.7,5,7.9,2.0,1.5,No,Low,High School,23.1,10,10,73.1
265,Female,18,2.2,66.9,49.7,6,6.8,6.5,3.0,No,High,Graduate,17.8,8,1,44.5
266,Female,22,4.8,71.9,58.8,18,7.4,6.8,3.9,No,Medium,Postgraduate,1.2,7,4,69.9
267,Male,20,7.1,74.8,49.5,16,7.4,2.5,1.7,No,Medium,Postgraduate,4.3,6,10,69.9
268,Male,19,5.6,76.6,72.2,20,8.3,1.2,0.8,Yes,Low,Graduate,27.8,10,10,73.1
269,Female,24,4.4,73.2,96.1,20,4.6,6.0,4.8,Yes,Low,Graduate,18.4,5,2,76.1
270,Male,23,6.5,91.9,46.5,16,5.7,6.1,2.7,No,Low,High School,1.5,8,10,70.8
271,Male,18,4.4,95.9,78.1,4,7.2,2.2,6.4,No,High,High School,27.2,10,1,74.2
272,Female,23,4.5,55.1,94.1,20,6.4,3.9,6.2,No,High,Postgraduate,27.3,9,7,72.0
273,Female,21,6.8,80.9,61.8,8,6.6,2.6,6.1,Yes,Low,Postgraduate,22.6,5,10,64.9
274,Female,21,0.6,78.5,67.7,12,7.4,5.8,2.6,No,High,Graduate,18.7,6,2,48.0
275,Female,22,7.9,72.9,47.8,17,8.0,4.4,2.9,No,High,High School,25.8,9,8,74.5
276,Male,19,5.4,88.7,63.1,5,5.0,4.6,5.6,No,High,High School,24.3,9,10,61.0
277,Female,21,6.7,76.2,72.8,2,4.8,2.6,1.0,Yes,Low,Postgraduate,15.3,1,7,61.1
278,Male,22,0.6,93.3,93.6,16,5.8,1.2,4.4,Yes,High,High School,29.3,9,4,67.2
279,Female,22,1.2,67.4,60.2,12,6.3,2.4,0.6,No,Low,Postgraduate,28.9,2,2,45.5
280,Female,21,3.9,73.2,35.3,5,6.3,1.7,1.0,No,Medium,Postgraduate,15.0,5,6,47.8
281,Male,20,2.3,70.3,83.9,14,8.5,7.0,3.6,No,Medium,Graduate,16.0,5,2,61.0
282,Female,20,0.6,92.4,50.6,2,6.3,6.2,2.7,No,Low,Postgraduate,20.8,9,3,42.4
283,Male,18,7.3,77.5,47.6,7,8.4,2.4,1.8,Yes,High,Postgraduate,15.3,4,10,56.6
284,Female,23,0.5,93.6,95.4,15,6.2,3.2,6.3,Yes,High,High School,2.6,10,5,64.0
285,Female,22,6.5,76.5,69.1,16,6.1,7.0,5.5,Yes,Low,Postgraduate,7.1,8,2,83.2
286,Female,23,4.9,69.6,73.6,8,5.3,2.8,2.3,Yes,Medium,Postgraduate,22.8,10,6,64.8
287,Female,23,3.2,73.0,63.4,18,5.1,5.0,2.0,Yes,Low,Postgraduate,5.3,2,5,60.1
288,Male,23,6.5,62.9,66.5,20,6.8,6.0,5.6,Yes,High,High School,2.7,5,5,75.2
289,Female,18,6.6,76.4,74.7,14,7.9,2.8,2.8,No,High,Postgraduate,6.8,9,5,78.7
290,Female,24,4.8,84.2,46.0,9,6.1,5.7,3.7,Yes,Low,Postgraduate,24.4,8,2,62.5
291,Female,21,3.0,83.4,71.0,2,4.9,3.4,2.5,No,Medium,Postgraduate,18.0,5,5,50.2
292,Male,18,7.7,73.6,46.6,0,5.1,2.6,2.1,Yes,Medium,Postgraduate,2.6,2,4,52.9
293,Female,24,6.3,78.6,97.7,3,5.7,2.1,4.8,Yes,Low,Postgraduate,25.3,7,5,70.3
294,Male,24,0.7,84.9,89.2,10,8.4,4.3,6.2,No,High,Postgraduate,19.5,5,9,46.2
295,Male,22,2.8,70.6,69.0,2,6.5,3.6,2.2,No,Medium,Postgraduate,1.2,5,1,45.5
296,Female,23,7.4,97.6,65.1,0,7.9,6.6,4.4,No,Low,High School,21.7,1,9,56.6
297,Female,23,5.3,92.3,48.9,2,6.4,2.7,5.5,Yes,Low,High School,5.0,10,5,57.7
298,Male,21,1.3,75.5,63.5,19,6.7,3.2,1.5,No,Low,Postgraduate,13.7,9,1,60.5
299,Male,22,0.6,59.1,35.9,6,6.0,3.2,5.7,Yes,Low,High School,8.7,6,8,27.8
300,Female,20,3.4,79.4,46.4,8,8.2,6.8,1.3,Yes,Low,Graduate,22.3,4,7,48.6
301,Female,24,1.2,85.0,48.1,12,7.6,3.2,2.6,No,Low,Graduate,26.7,1,9,36.1
302,Male,17,7.0,64.8,42.1,20,6.5,1.1,5.7,Yes,High,Postgraduate,14.8,10,2,78.4
303,Male,18,5.0,71.7,40.6,5,6.7,5.8,2.7,Yes,Medium,High School,10.2,1,1,48.4
304,Female,24,4.7,84.0,56.9,14,7.8,1.1,3.0,No,High,Postgraduate,15.2,3,5,65.5
305,Male,24,4.8,79.5,55.4,14,5.7,6.8,6.4,No,Medium,Postgraduate,11.6,9,3,64.1
306,Male,23,0.5,83.7,58.9,5,8.5,5.3,2.9,Yes,High,Postgraduate,15.4,10,4,44.0
307,Male,20,4.6,82.6,55.3,20,5.9,1.7,4.8,Yes,Medium,High School,3.9,1,3,61.8
308,Male,20,4.8,92.6,76.4,16,7.3,5.1,0.8,No,Low,Graduate,24.2,4,10,68.6
309,Male,21,1.0,80.1,94.1,13,8.2,6.6,0.9,Yes,Low,Postgraduate,3.8,10,5,63.5
310,Male,22,5.9,78.9,46.9,16,7.5,5.0,6.7,No,High,Postgraduate,13.4,9,9,64.7
311,Female,22,1.3,90.7,69.6,16,6.0,2.1,7.0,No,High,Graduate,25.0,8,6,60.6
312,Male,17,2.9,65.8,69.4,12,7.9,7.5,2.2,No,High,High School,16.0,8,8,59.7
313,Male,18,8.0,68.6,53.9,7,5.5,3.2,5.5,Yes,Medium,Graduate,5.5,5,9,62.5
314,Female,19,2.5,95.0,50.7,8,8.1,1.6,3.1,No,High,Postgraduate,17.7,4,2,53.8
315,Female,23,7.3,81.8,53.9,18,6.2,6.5,6.5,Yes,Low,Postgraduate,19.9,6,6,79.3
316,Male,19,5.0,55.5,84.0,12,4.7,4.7,2.6,Yes,High,Postgraduate,29.9,10,3,71.5
317,Male,23,7.8,88.9,71.2,2,5.5,3.0,3.1,No,Low,Graduate,15.6,3,6,63.3
318,Male,20,6.3,60.9,43.5,17,5.4,3.8,4.2,Yes,Medium,Graduate,10.4,9,10,69.4
319,Female,24,7.4,59.0,77.3,13,6.1,2.3,2.7,Yes,Medium,High School,27.8,1,5,67.4
320,Male,21,2.3,85.8,44.8,2,5.0,1.4,6.7,No,Medium,High School,10.6,3,5,30.3
321,Male,21,6.1,64.5,69.4,8,7.0,5.4,6.9,Yes,Low,Graduate,6.8,1,7,56.2
322,Female,20,5.7,67.2,64.3,0,4.8,5.6,4.8,No,High,Postgraduate,3.9,6,2,53.0
323,Female,22,2.9,94.0,68.5,5,5.4,7.8,4.1,No,Medium,Postgraduate,5.6,1,1,50.2
324,Male,21,3.1,70.8,74.4,7,9.0,7.9,2.3,Yes,Low,Graduate,27.0,1,5,52.4
325,Female,22,5.4,59.0,59.1,19,8.4,5.8,3.2,No,High,High School,7.0,10,3,74.9
326,Male,19,1.5,79.4,85.4,4,5.9,5.9,3.9,No,Low,Postgraduate,16.5,3,7,49.0
327,Female,19,5.9,63.3,87.9,4,7.8,6.4,6.2,Yes,Low,High School,6.4,7,7,61.6
328,Female,19,6.2,82.5,51.8,18,7.3,5.2,2.0,No,High,Postgraduate,11.8,1,6,62.0
329,Male,20,6.9,77.1,43.7,6,5.5,3.9,6.8,Yes,Low,Graduate,26.1,5,7,54.1
330,Male,18,4.2,69.6,63.8,7,6.4,6.4,4.5,No,Medium,High School,26.5,7,6,54.7
331,Female,21,2.3,79.2,97.0,1,7.0,4.6,4.6,No,Medium,High School,13.3,1,4,46.3
332,Male,23,5.1,57.5,67.6,4,6.6,5.5,1.1,No,Medium,Graduate,1.7,9,2,59.7
333,Female,22,3.9,95.3,91.4,14,4.9,3.3,4.7,Yes,High,Postgraduate,12.1,3,2,67.9
334,Male,19,6.4,78.0,94.8,12,7.0,1.3,1.6,Yes,Low,Postgraduate,2.5,6,10,78.2
335,Female,17,2.8,87.9,95.5,9,7.3,1.8,1.4,No,Medium,Graduate,16.8,4,1,67.3
336,Female,20,0.5,94.7,50.0,18,7.5,4.2,3.4,Yes,Low,High School,2.6,10,10,45.4
337,Male,19,3.1,61.5,37.0,18,8.3,3.1,6.5,No,High,Postgraduate,21.1,1,2,47.1
338,Female,18,5.0,90.4,46.2,14,7.9,3.5,0.7,No,High,High School,9.5,5,6,60.9
339,Male,24,1.5,86.3,52.3,16,6.4,2.5,1.9,No,Medium,Postgraduate,25.6,1,2,50.6
340,Male,21,2.4,80.9,74.3,4,7.3,4.5,5.2,Yes,Low,High School,1.7,8,8,52.1
341,Male,21,5.2,60.3,88.4,19,9.0,3.9,2.7,No,Low,Graduate,9.7,9,4,76.1
342,Female,24,4.6,89.5,42.2,10,6.0,6.1,4.5,No,Low,Postgraduate,4.9,1,3,50.7
343,Female,17,1.7,75.7,89.5,10,6.6,6.7,6.5,Yes,High,Postgraduate,10.6,1,9,42.4
344,Female,19,7.4,90.8,39.2,4,5.8,1.2,6.9,Yes,Medium,Postgraduate,25.9,9,3,68.2
345,Female,17,5.8,67.2,40.5,7,6.2,6.8,2.5,Yes,Low,Graduate,15.7,9,5,56.1
346,Male,19,6.5,95.7,44.7,10,8.7,6.1,3.9,Yes,High,High School,14.3,6,3,72.6
347,Female,17,5.9,78.5,35.3,1,7.6,5.2,1.1,No,High,High School,10.3,8,1,54.2
348,Male,20,1.9,67.4,55.1,14,7.5,2.9,1.5,No,High,Graduate,8.9,2,1,54.0
349,Female,17,7.6,91.2,71.2,5,4.8,5.3,2.7,Yes,Medium,High School,3.5,8,1,76.9
350,Male,24,3.4,86.7,91.2,20,8.3,5.9,4.5,Yes,Low,Postgraduate,14.6,5,6,75.6
351,Female,19,3.9,85.8,79.7,14,6.6,7.6,1.4,No,Medium,Graduate,15.1,10,5,77.4
352,Male,22,1.0,60.1,65.2,5,5.8,3.4,4.2,Yes,Medium,Postgraduate,14.4,9,2,45.3
353,Female,22,4.9,65.7,50.4,5,8.9,3.7,2.7,Yes,Low,Postgraduate,20.4,10,7,58.2
354,Female,18,6.0,87.0,87.7,3,7.2,4.2,4.1,Yes,High,Postgraduate,23.4,8,3,72.4
355,Female,21,3.3,77.2,76.6,2,5.5,2.0,4.3,No,High,Postgraduate,14.0,1,3,50.3
356,Female,19,2.0,94.5,53.9,9,8.6,7.6,5.2,No,Low,Graduate,27.1,6,2,53.6
357,Female,23,7.8,55.0,70.3,11,5.0,3.0,0.7,No,Medium,Graduate,16.8,7,10,68.1
358,Male,17,5.5,76.4,46.9,12,8.3,3.5,3.2,Yes,High,Graduate,20.1,5,3,59.8
359,Female,24,7.8,61.1,43.6,13,8.4,7.3,5.0,No,Medium,High School,6.4,7,10,61.2
360,Male,24,5.0,81.0,88.3,7,7.7,2.9,6.5,No,Low,Postgraduate,15.0,10,6,65.6
361,Male,21,5.7,61.4,81.1,8,6.6,1.5,6.3,Yes,Medium,Postgraduate,23.6,2,4,61.0
362,Female,21,4.0,78.1,64.6,10,6.4,7.7,5.7,Yes,High,Graduate,17.8,5,3,54.8
363,Female,21,4.8,84.5,53.4,19,4.6,4.4,1.3,No,Low,Postgraduate,4.2,2,5,60.9
364,Male,22,1.8,81.6,44.5,14,6.2,2.2,5.6,Yes,Low,Postgraduate,28.1,4,8,39.0
365,Female,17,1.7,77.3,97.6,12,5.6,4.1,4.6,No,Low,High School,5.9,4,10,54.9
366,Female,17,3.5,68.6,82.0,17,5.6,5.8,3.0,No,Medium,Graduate,20.7,5,3,68.3
367,Male,21,7.7,85.7,37.6,17,7.4,7.7,3.3,No,Medium,Postgraduate,22.7,5,6,70.7
368,Male,23,6.0,81.5,47.3,10,7.5,8.0,2.5,Yes,High,High School,20.9,1,1,65.5
369,Male,18,3.1,87.6,50.9,1,4.6,1.6,6.6,Yes,Medium,Postgraduate,23.2,4,10,36.4
370,Female,23,5.4,91.1,46.6,3,7.6,2.8,3.5,No,Medium,High School,23.6,2,8,52.7
371,Male,23,2.6,57.8,59.5,1,5.7,6.7,1.7,Yes,High,Graduate,4.1,2,8,37.3
372,Female,24,4.6,74.4,73.7,3,8.6,6.0,1.2,Yes,Medium,High School,19.9,2,2,57.0
373,Female,18,0.5,56.7,59.6,4,7.7,7.3,4.2,Yes,Low,Graduate,28.7,9,8,34.2
374,Female,18,6.6,76.7,70.7,11,6.0,3.1,0.9,No,Medium,Postgraduate,6.9,2,6,67.4
375,Female,20,4.7,98.5,76.6,9,7.6,7.3,4.6,Yes,Low,High School,1.7,6,8,60.8
376,Male,22,8.0,65.7,59.5,17,7.4,4.5,6.8,Yes,Medium,High School,7.1,8,1,79.3
377,Male,24,5.4,78.5,94.2,17,5.2,5.1,6.5,Yes,Low,Postgraduate,19.8,1,3,74.2
378,Male,18,0.6,83.5,92.0,3,6.6,2.2,4.3,Yes,Medium,Graduate,24.5,2,2,46.0
379,Female,18,7.9,85.5,55.4,18,7.0,3.3,6.8,Yes,Medium,High School,23.0,4,1,83.0
380,Male,24,1.8,71.6,45.4,7,8.7,1.3,1.1,Yes,Low,High School,6.2,10,7,46.5
381,Female,24,1.2,84.3,90.9,13,7.6,6.5,3.6,No,Low,High School,18.7,3,4,53.0
382,Male,18,0.8,63.1,66.5,2,7.3,6.5,2.8,No,High,Postgraduate,7.4,1,9,23.8
383,Male,17,6.3,84.7,52.4,6,5.0,2.0,6.0,No,Medium,High School,13.6,8,8,57.4
384,Male,18,3.0,91.2,82.8,1,5.0,1.4,4.0,Yes,High,Graduate,18.2,3,1,55.0
385,Female,20,2.9,63.9,77.6,10,5.5,1.8,2.0,Yes,Medium,Postgraduate,15.0,4,7,55.2
386,Male,22,7.2,61.5,93.5,14,5.3,3.6,3.5,Yes,Low,Postgraduate,17.5,4,6,82.8
387,Male,20,2.6,60.0,64.3,13,5.3,3.4,6.3,Yes,Medium,Postgraduate,15.2,10,3,61.2
388,Male,19,8.0,81.6,87.7,8,4.6,4.0,6.2,Yes,Medium,High School,2.2,4,6,75.1
389,Male,17,4.0,89.6,37.1,16,6.3,6.7,5.0,No,Low,High School,11.4,2,8,50.6
390,Female,19,2.3,100.0,36.0,9,5.2,4.2,4.2,No,Low,Graduate,19.2,10,1,61.1
391,Male,18,5.8,55.1,74.5,12,8.5,3.3,0.7,No,High,High School,15.9,7,5,70.8
392,Male,19,7.3,71.4,38.2,12,6.1,5.3,2.9,No,Low,Postgraduate,4.3,3,9,60.8
393,Female,17,4.1,97.3,71.5,6,7.9,6.3,2.6,Yes,Medium,Graduate,14.1,5,9,58.1
394,Male,20,4.3,92.3,64.6,17,7.6,4.7,2.4,No,Low,High School,12.3,10,6,76.5
395,Male,21,1.8,98.1,39.8,5,5.7,5.9,3.7,No,High,Postgraduate,28.0,4,9,40.3
396,Female,22,4.1,73.9,81.5,0,5.8,1.4,6.2,No,Medium,Postgraduate,20.3,4,9,48.1
397,Female,17,4.5,79.7,63.9,18,5.1,6.5,1.6,Yes,Medium,Graduate,14.2,5,4,68.4
398,Male,22,1.7,96.6,79.8,9,5.3,2.2,5.1,Yes,Medium,Graduate,11.7,3,3,51.7
399,Male,23,2.0,86.8,76.9,11,5.2,4.1,6.8,No,Low,Graduate,27.9,9,5,54.7
400,Female,22,1.7,98.7,69.4,16,6.0,5.9,3.6,Yes,High,Graduate,27.1,5,10,55.4
401,Male,20,1.5,79.8,54.4,12,7.3,2.5,2.8,No,Low,High School,3.4,6,1,53.9
402,Female,23,6.9,85.5,95.3,16,6.3,4.4,4.4,Yes,High,Graduate,11.7,9,1,99.0
403,Female,19,3.3,67.8,57.1,14,8.4,1.6,5.2,No,High,Graduate,5.0,8,7,58.7
404,Female,21,4.9,58.9,48.1,15,8.9,4.7,2.7,No,Low,Postgraduate,14.4,10,7,58.3
405,Female,20,4.8,96.2,47.6,12,5.8,4.4,5.8,Yes,Low,High School,8.6,5,10,53.4
406,Female,24,7.7,92.5,64.8,20,7.5,3.0,1.7,Yes,High,Postgraduate,11.5,4,1,85.0
407,Male,17,4.1,74.6,51.2,15,8.9,6.7,2.9,Yes,Medium,Graduate,26.5,10,1,72.8
408,Male,20,1.5,62.3,52.2,13,7.4,7.7,0.8,Yes,Low,Postgraduate,22.8,5,9,41.3
409,Male,17,4.6,94.3,87.1,9,5.7,5.9,2.9,Yes,High,Graduate,11.8,9,10,67.1
410,Male,23,4.1,70.3,92.4,3,5.5,4.5,5.9,No,Low,High School,24.7,9,10,58.8
411,Female,17,7.4,76.6,54.6,11,5.1,4.1,6.9,Yes,Low,High School,25.8,9,6,68.5
412,Female,23,1.6,65.2,42.9,4,8.9,4.0,5.5,Yes,Low,High School,2.0,2,2,28.4
413,Male,20,5.4,81.7,64.6,8,4.7,3.1,0.6,Yes,High,Graduate,1.8,2,2,66.3
414,Male,18,1.6,88.6,52.5,18,6.1,2.1,3.8,Yes,High,High School,21.8,10,4,61.2
415,Male,24,7.7,62.7,82.5,0,8.9,1.7,1.9,Yes,Low,Graduate,29.5,9,8,67.4
416,Male,18,3.7,78.1,60.7,10,5.1,1.8,1.4,No,Medium,High School,12.2,6,5,57.5
417,Female,22,3.9,88.1,78.3,14,5.5,3.9,6.9,Yes,Low,Postgraduate,15.3,7,4,72.3
418,Male,22,1.3,74.7,76.5,2,5.0,3.8,5.0,Yes,High,Graduate,4.6,2,3,35.7
419,Female,24,6.8,87.6,52.5,18,7.2,6.3,5.7,No,Low,Graduate,4.1,7,6,75.6
420,Female,22,2.4,77.4,74.6,4,4.6,6.2,5.9,Yes,Medium,Postgraduate,19.1,8,1,59.5
421,Female,17,6.2,84.7,67.8,15,8.1,2.4,4.8,Yes,Medium,High School,12.1,8,9,70.5
422,Female,23,2.9,71.9,64.0,1,5.3,5.6,5.6,No,Low,Postgraduate,20.6,3,8,36.7
423,Female,22,5.5,85.8,71.0,15,7.0,2.1,0.9,No,Medium,High School,1.8,5,8,70.0
424,Female,23,0.8,92.7,57.0,18,4.6,7.2,2.7,No,Low,Postgraduate,8.1,2,7,44.5
425,Female,23,2.3,69.0,40.4,2,8.4,1.8,1.6,No,Low,Postgraduate,14.6,9,6,34.8
426,Female,19,0.7,69.2,70.9,10,7.1,6.7,1.2,No,Medium,Graduate,6.9,4,6,42.4
427,Male,18,5.3,98.8,39.7,17,5.5,2.9,2.4,No,Medium,High School,17.4,10,7,73.8
428,Female,23,4.5,74.2,56.9,2,7.4,3.1,5.7,No,High,Postgraduate,14.1,7,9,45.4
429,Female,17,6.2,63.1,36.2,16,8.4,5.0,1.9,Yes,Medium,Graduate,5.3,8,5,70.4
430,Female,19,1.6,85.8,53.9,13,6.3,7.0,6.4,No,High,Postgraduate,7.8,4,7,42.0
431,Male,17,2.3,61.7,36.7,9,6.6,4.9,3.3,No,Medium,Postgraduate,17.0,1,4,32.5
432,Female,22,5.3,56.9,80.5,0,4.7,7.3,2.5,Yes,Medium,Postgraduate,25.4,5,2,62.0
433,Male,20,2.3,80.7,66.5,3,6.8,6.8,6.7,Yes,Medium,Graduate,25.1,9,5,48.9
434,Male,24,6.0,91.3,81.9,13,5.5,1.7,1.9,No,High,High School,10.2,5,8,72.5
435,Male,20,3.7,85.7,95.7,4,6.1,6.0,5.8,No,High,Graduate,10.0,1,10,45.7
436,Female,21,7.7,71.3,86.2,3,6.9,2.7,3.4,Yes,Low,Graduate,7.1,1,7,69.8
437,Female,23,7.2,96.2,74.8,20,6.3,1.2,6.1,Yes,Low,Postgraduate,8.6,8,8,88.2
438,Male,17,1.0,73.9,80.9,17,7.8,4.2,0.7,No,Low,Postgraduate,9.9,1,3,54.7
439,Male,21,4.8,60.0,50.7,20,7.9,6.9,5.0,Yes,High,Postgraduate,25.0,6,8,60.6
440,Male,20,6.5,63.9,61.1,5,6.3,3.6,5.9,Yes,Medium,High School,8.6,10,4,61.9
441,Female,24,6.9,57.2,73.9,19,5.7,1.6,2.9,No,Low,High School,21.7,10,2,82.0
442,Female,20,1.9,93.8,84.3,9,7.9,3.7,3.3,No,Low,Graduate,24.0,4,10,47.5
443,Male,22,0.7,98.9,49.8,14,8.6,3.6,4.9,No,High,High School,21.7,8,2,49.2
444,Male,17,5.8,88.1,51.1,3,7.0,1.4,6.6,No,High,Postgraduate,12.0,8,6,63.4
445,Male,18,7.8,85.2,43.3,17,4.7,2.3,1.6,No,High,Postgraduate,13.6,8,6,81.5
446,Female,21,2.5,69.1,96.6,15,8.4,6.8,5.4,No,Medium,High School,10.2,7,5,69.4
447,Female,19,8.0,89.4,44.5,20,8.1,1.4,1.5,No,Medium,High School,29.9,4,3,77.0
448,Male,21,7.5,56.8,57.5,17,6.7,4.5,6.0,Yes,Low,Postgraduate,15.8,3,2,71.6
449,Male,24,2.5,95.1,71.9,18,9.0,1.0,5.5,Yes,Medium,High School,9.2,3,7,63.0
450,Female,17,7.9,60.5,58.5,3,8.3,2.1,1.0,No,Low,Postgraduate,19.0,8,8,65.2
451,Male,23,3.9,97.6,98.0,18,5.1,7.0,5.7,Yes,Medium,Graduate,6.2,5,6,78.4
452,Female,21,7.7,93.9,40.6,6,5.2,6.5,2.4,Yes,Medium,Postgraduate,3.8,3,2,65.1
453,Female,23,3.3,64.0,63.1,12,6.6,4.9,3.2,Yes,Low,Postgraduate,10.9,7,6,56.8
454,Male,24,4.0,65.1,78.2,4,8.7,4.7,4.7,No,Low,High School,20.8,2,5,50.1
455,Male,24,2.8,66.2,61.9,18,4.7,1.5,0.8,No,Medium,Graduate,18.0,2,9,48.2
456,Female,22,6.3,55.7,81.7,14,5.3,2.3,3.1,No,High,Graduate,19.1,2,7,70.2
457,Male,17,2.5,98.5,89.9,5,5.4,1.5,6.9,No,Low,High School,6.0,5,2,58.9
458,Female,21,4.1,86.1,89.7,19,7.8,3.1,5.8,Yes,Low,High School,1.4,10,6,81.0
459,Female,24,1.3,55.7,96.1,0,5.4,5.5,4.7,Yes,Medium,Graduate,1.6,7,9,37.2
460,Female,17,1.7,61.9,79.3,15,6.6,7.0,4.3,No,Low,High School,19.3,4,5,53.8
461,Female,20,5.8,99.1,88.5,18,7.2,4.9,2.4,Yes,High,High School,13.2,8,7,84.9
462,Male,19,2.9,57.9,91.3,13,8.5,1.8,4.5,No,High,High School,14.6,6,8,59.9
463,Female,23,3.8,77.8,72.0,10,8.6,7.0,5.1,No,Medium,High School,19.0,8,3,68.5
464,Male,17,2.6,88.7,77.0,4,5.3,2.1,3.7,Yes,Medium,Graduate,11.4,7,8,49.5
465,Female,21,1.7,92.3,91.4,1,8.1,3.4,1.2,No,Medium,High School,23.3,4,2,53.5
466,Male,18,4.7,95.3,88.8,16,7.2,1.7,0.8,Yes,High,High School,15.7,8,8,81.6
467,Male,19,1.8,60.3,47.9,11,5.2,3.0,3.4,No,Medium,High School,4.6,9,8,45.8
468,Female,23,2.0,98.6,83.5,0,5.6,6.7,2.7,No,High,Postgraduate,8.1,9,3,52.9
469,Female,17,6.1,78.8,84.6,4,8.1,3.9,3.2,No,Low,High School,21.8,8,9,69.7
470,Male,21,4.4,58.1,56.3,12,8.9,2.2,0.9,No,Medium,Postgraduate,21.3,1,3,57.4
471,Male,24,7.1,87.5,54.8,11,4.5,3.0,3.9,No,High,Graduate,23.5,3,7,65.2
472,Female,22,7.1,58.8,68.9,12,7.8,6.2,1.3,Yes,Low,High School,26.8,9,5,72.9
473,Female,18,4.5,66.6,87.4,9,7.8,7.9,1.2,Yes,High,High School,14.0,1,6,55.7
474,Female,21,4.8,55.2,56.4,7,8.1,7.9,4.2,Yes,High,Graduate,16.1,9,10,49.2
475,Female,19,2.4,69.8,71.7,11,6.5,2.0,3.3,No,Low,Graduate,3.3,7,2,54.7
476,Female,19,5.6,73.1,70.2,12,8.4,5.1,4.6,Yes,High,High School,15.1,8,8,69.8
477,Male,23,3.9,98.6,67.3,16,5.0,2.5,3.6,Yes,Low,Graduate,17.6,3,9,59.3
478,Female,21,0.8,61.9,58.4,11,5.9,4.4,5.6,Yes,Low,Postgraduate,15.2,3,10,31.5
479,Male,19,1.4,70.7,89.8,13,6.7,3.2,3.4,No,Medium,Postgraduate,14.0,6,7,54.7
480,Female,21,7.0,69.6,85.4,19,6.3,2.6,3.1,Yes,Low,Postgraduate,1.7,9,1,97.2
481,Male,20,5.2,89.7,54.5,20,5.1,4.9,1.8,No,High,High School,4.5,10,9,73.7
482,Female,23,7.5,63.1,36.2,6,5.6,5.9,6.3,Yes,Medium,High School,10.9,8,2,67.3
483,Female,18,1.9,56.1,68.3,12,5.7,1.8,1.1,Yes,Medium,Graduate,20.7,3,5,42.5
484,Male,17,0.9,98.3,46.4,1,5.8,1.7,1.4,Yes,Low,Postgraduate,18.0,6,5,35.8
485,Male,17,4.2,88.9,59.3,3,5.7,3.2,4.1,No,High,Postgraduate,20.6,2,8,41.8
486,Male,22,2.3,80.0,84.5,9,7.1,4.1,6.0,Yes,Low,Postgraduate,28.6,9,4,63.6
487,Female,21,7.7,80.0,37.6,14,8.8,5.3,4.7,No,High,Graduate,30.0,3,1,67.5
488,Male,19,6.8,64.6,88.0,9,4.7,6.2,4.2,No,Medium,High School,18.7,5,2,74.7
489,Female,22,7.7,69.3,78.0,10,7.4,7.9,5.1,Yes,Medium,Postgraduate,10.5,5,4,78.1
490,Female,23,7.4,61.0,93.1,19,6.6,7.3,4.9,Yes,High,Postgraduate,3.2,7,9,87.1
491,Male,18,0.7,92.4,77.3,3,6.1,6.7,5.9,No,Medium,High School,13.9,6,7,38.9
492,Female,17,2.2,55.9,52.7,11,5.4,6.7,4.6,No,Medium,Postgraduate,21.5,4,4,48.6
493,Male,18,2.1,63.8,86.7,12,5.0,2.9,3.8,Yes,High,High School,4.7,3,9,45.5
494,Female,17,7.5,93.5,90.5,8,5.4,5.7,6.9,No,High,Postgraduate,28.3,9,10,76.1
495,Male,17,0.9,97.2,62.3,13,5.7,5.8,3.5,No,Medium,Postgraduate,14.0,6,9,50.3
496,Male,19,0.5,63.8,40.2,18,8.1,7.9,2.0,No,Medium,High School,19.2,7,2,51.4
497,Female,17,1.2,76.6,85.9,18,8.1,7.5,6.0,No,High,High School,28.4,4,2,60.0
498,Male,19,6.3,82.9,83.1,20,6.5,1.9,6.8,Yes,Medium,High School,9.7,1,7,72.3
499,Male,24,5.2,58.0,77.7,17,4.7,6.9,3.1,No,Medium,Graduate,26.5,10,7,70.2
500,Male,20,5.1,70.3,94.1,0,6.5,3.3,1.8,Yes,High,Postgraduate,8.4,2,1,62.7
501,Female,21,3.7,87.6,63.0,7,5.1,1.3,1.3,Yes,Low,Graduate,10.0,10,7,59.3
502,Male,20,3.1,71.6,35.5,18,7.5,2.0,2.0,Yes,Low,Graduate,6.5,9,1,61.0
503,Male,24,4.1,86.1,64.4,10,8.3,5.0,2.7,Yes,Medium,High School,27.7,5,7,56.3
504,Male,17,5.3,86.2,64.4,6,5.6,6.1,6.7,No,Low,High School,11.4,6,7,55.9
505,Male,20,4.7,61.4,62.7,20,7.1,6.4,0.8,No,High,High School,10.9,1,4,60.1
506,Male,21,4.7,63.0,36.4,8,8.6,1.1,4.9,No,Low,Graduate,24.5,7,2,52.4
507,Male,23,5.5,97.4,96.6,19,8.5,7.1,0.9,No,Medium,Postgraduate,13.5,3,3,88.0
508,Female,19,5.3,96.4,83.1,18,5.4,4.7,5.6,No,Low,Postgraduate,3.4,6,4,76.2
509,Male,22,4.0,84.9,39.1,16,6.2,7.2,5.4,No,High,Postgraduate,15.0,6,8,55.0
510,Male,23,7.7,76.3,71.6,20,8.6,5.1,0.7,Yes,Medium,Graduate,26.8,4,4,84.0
511,Male,24,4.8,97.1,58.6,17,4.9,6.3,2.4,No,Medium,Graduate,14.6,9,6,70.2
512,Female,18,3.6,91.2,55.0,12,4.6,4.1,2.2,No,Low,High School,4.4,2,6,56.7
513,Male,21,3.2,79.6,56.0,10,5.6,6.2,5.5,Yes,Medium,Graduate,24.8,5,4,55.1
514,Male,24,6.4,73.2,60.6,18,7.9,1.1,4.8,Yes,High,Postgraduate,23.8,3,7,65.8
515,Male,22,6.2,87.5,64.1,2,5.9,2.3,5.5,Yes,High,High School,9.9,7,4,63.9
516,Male,17,6.0,77.5,76.5,11,6.0,3.9,5.0,Yes,Low,Graduate,17.5,7,9,66.3
517,Male,22,6.5,96.1,71.2,12,8.9,2.4,3.0,No,High,Graduate,3.7,9,7,75.3
518,Female,18,1.3,79.9,37.0,19,6.7,2.3,1.0,No,Low,Graduate,16.0,7,5,47.3
519,Male,19,1.8,93.7,60.9,5,9.0,1.9,3.2,Yes,Medium,Graduate,24.7,2,7,45.2
520,Male,24,5.5,62.1,71.2,9,7.1,4.5,5.0,Yes,Medium,Postgraduate,24.4,5,4,58.3
521,Female,23,4.4,96.0,90.4,14,6.6,1.3,1.1,Yes,Medium,High School,6.2,8,6,78.7
522,Male,21,5.1,74.4,59.2,5,7.6,1.7,5.0,No,High,High School,21.2,1,4,55.8
523,Male,21,5.9,64.8,66.1,17,5.0,3.6,5.4,Yes,High,High School,14.4,9,6,72.1
524,Male,22,1.0,86.3,82.2,12,6.0,3.8,1.8,No,Medium,Graduate,3.0,1,1,51.2
525,Female,18,4.6,65.9,94.9,4,6.6,3.0,1.5,No,Low,High School,20.5,1,10,47.6
526,Male,23,0.6,67.3,62.8,5,5.5,1.2,4.9,No,Medium,High School,18.3,4,8,34.1
527,Female,20,0.9,72.0,47.7,7,6.2,2.7,1.1,Yes,Low,High School,24.1,7,1,48.6
528,Female,23,6.7,62.6,45.5,13,6.8,6.7,2.6,Yes,Low,High School,4.1,4,10,54.7
529,Male,20,2.9,55.7,76.2,0,6.3,4.2,0.9,No,Medium,Postgraduate,15.5,5,10,37.2
530,Female,24,7.9,87.1,84.8,18,5.3,7.7,4.4,Yes,Medium,High School,18.6,7,3,91.7
531,Male,21,4.9,72.2,75.4,7,6.8,5.9,0.6,Yes,High,Graduate,23.0,1,10,53.8
532,Female,22,5.1,57.7,58.6,9,5.4,3.6,4.7,Yes,Medium,Graduate,19.7,4,10,54.4
533,Male,20,6.2,78.4,96.6,20,8.2,6.3,2.0,Yes,High,Graduate,16.1,6,6,83.2
534,Male,20,1.9,83.3,39.1,15,4.8,2.3,4.6,Yes,High,High School,13.4,3,4,41.8
535,Female,18,4.0,62.4,47.4,13,5.3,2.7,2.4,No,Medium,Graduate,5.9,8,4,55.7
536,Female,19,3.8,77.7,81.3,4,8.2,6.6,0.6,Yes,Medium,Graduate,14.4,7,7,60.6
537,Female,24,3.9,71.9,73.2,2,6.0,6.0,1.8,No,Medium,Graduate,29.1,4,1,50.4
538,Male,20,3.3,77.0,75.4,18,4.8,7.2,7.0,No,Medium,Postgraduate,11.1,2,7,61.3
539,Female,17,5.8,83.6,58.2,1,7.4,7.5,5.3,Yes,Medium,Postgraduate,14.2,4,8,47.0
540,Male,20,5.6,66.4,72.9,5,4.6,6.4,4.7,No,Low,Graduate,8.3,7,7,61.8
541,Female,19,2.8,98.5,76.5,12,7.1,6.1,5.4,No,High,High School,28.0,2,2,62.3
542,Female,19,3.5,68.9,97.2,15,4.5,1.5,5.0,Yes,Medium,High School,21.4,9,7,70.8
543,Female,24,2.0,63.2,94.8,14,7.1,2.5,1.8,Yes,High,High School,3.3,3,4,55.7
544,Male,17,1.1,60.6,39.0,0,7.1,4.3,4.9,Yes,Low,Postgraduate,24.0,2,1,22.7
545,Female,22,3.3,78.4,95.6,8,8.7,4.3,2.7,Yes,Medium,Postgraduate,12.6,7,6,62.4
546,Female,20,5.1,98.9,90.0,3,4.5,7.1,3.1,No,Medium,Postgraduate,20.9,3,1,69.6
547,Female,24,7.0,78.2,76.6,0,8.9,7.7,5.8,Yes,High,Graduate,12.6,1,6,62.0
548,Male,17,5.1,58.7,62.0,15,8.9,7.0,6.4,Yes,Medium,High School,9.7,7,5,65.1
549,Male,18,5.5,79.7,90.1,5,8.5,7.7,3.6,Yes,Medium,Postgraduate,1.8,9,4,71.0
550,Female,18,7.5,69.7,59.2,8,5.5,2.8,3.6,No,Low,Postgraduate,23.2,2,3,71.1
551,Male,21,5.0,84.0,58.8,12,7.4,6.5,6.8,Yes,Low,High School,10.9,7,4,62.7
552,Male,23,4.9,63.5,94.3,18,6.2,7.0,6.7,No,Medium,Graduate,24.1,10,1,81.7
553,Female,20,7.5,60.7,76.8,18,5.5,3.8,4.0,No,High,Graduate,5.3,8,6,79.6
554,Female,20,2.6,88.6,88.5,1,7.2,3.2,6.9,No,Medium,Postgraduate,29.0,2,5,52.4
555,Female,21,0.9,91.5,44.6,6,8.3,7.5,2.0,Yes,Low,Postgraduate,12.4,1,3,39.6
556,Male,22,3.7,76.3,56.9,12,6.3,4.7,2.3,Yes,High,Graduate,14.3,4,9,49.8
557,Male,19,1.7,61.2,78.8,9,8.5,2.5,5.7,No,Medium,Postgraduate,25.4,4,1,49.5
558,Male,23,7.4,59.3,96.4,5,8.8,1.8,3.9,Yes,Low,High School,8.0,6,10,68.8
559,Female,21,4.2,86.0,95.1,20,7.9,6.4,6.9,No,Medium,High School,4.5,2,8,73.0
560,Male,19,1.1,77.0,77.1,16,5.5,5.1,6.9,No,Medium,Postgraduate,21.4,8,5,58.5
561,Female,18,2.7,60.6,55.5,17,5.3,6.7,0.6,Yes,Low,Postgraduate,27.0,9,9,56.6
562,Male,21,1.9,82.0,46.3,17,6.5,3.2,0.8,Yes,Low,High School,15.7,10,4,60.1
563,Female,22,3.2,79.5,61.7,0,5.6,1.3,6.6,No,High,Postgraduate,15.8,5,9,38.8
564,Female,21,5.7,84.8,37.8,1,5.3,3.1,5.9,Yes,High,Postgraduate,13.2,3,10,42.3
565,Male,21,4.6,66.7,75.9,5,6.3,1.6,2.2,Yes,High,Graduate,17.3,7,3,62.5
566,Male,18,5.4,78.0,45.3,4,5.9,6.5,3.0,No,Low,Graduate,19.6,10,4,56.4
567,Male,19,3.2,70.0,52.2,7,5.7,1.7,6.9,No,High,Graduate,3.8,4,7,46.5
568,Female,24,3.1,80.7,52.8,8,7.2,7.3,1.6,Yes,Medium,High School,20.9,7,3,53.1
569,Female,24,5.8,84.6,44.0,18,7.8,1.4,5.2,Yes,Medium,Graduate,24.2,6,4,71.9
570,Male,18,4.3,67.4,61.9,7,5.9,7.0,6.7,Yes,Low,High School,17.7,7,6,57.2
571,Male,23,1.1,67.9,93.6,0,8.8,4.0,3.8,Yes,High,High School,27.4,3,8,37.8
572,Female,19,6.1,87.1,79.3,11,5.6,6.2,6.7,Yes,Low,High School,11.6,9,10,66.7
573,Male,21,1.5,70.9,38.2,15,6.2,3.6,1.2,No,Medium,Graduate,8.7,4,9,41.7
574,Female,17,0.5,83.4,59.8,9,8.7,7.7,3.9,No,Low,Postgraduate,14.4,1,8,38.3
575,Male,23,2.7,59.8,57.0,5,6.3,1.1,3.3,Yes,Medium,High School,5.5,4,2,45.5
576,Female,19,5.4,65.2,59.9,9,6.1,7.2,4.0,Yes,Medium,Postgraduate,13.6,5,2,68.0
577,Male,24,3.2,94.2,47.5,6,5.8,1.9,3.2,No,Low,Graduate,15.2,6,1,51.8
578,Male,17,4.2,85.7,43.0,12,6.8,7.5,6.0,Yes,Low,Graduate,15.5,7,3,55.7
579,Male,23,6.3,65.6,77.7,10,6.4,5.2,0.6,Yes,High,High School,22.1,8,5,70.9
580,Male,19,1.9,67.7,42.2,8,9.0,2.7,5.8,Yes,High,Postgraduate,19.4,4,8,36.0
581,Female,20,2.2,61.0,37.4,6,8.7,4.0,4.5,Yes,Medium,Graduate,14.9,2,1,35.8
582,Male,17,4.3,84.0,54.2,8,6.1,7.6,5.1,Yes,Low,Postgraduate,22.6,4,6,56.9
583,Male,19,2.1,76.2,92.2,3,6.4,2.8,3.7,No,Medium,Postgraduate,24.5,6,5,48.9
584,Male,17,6.1,81.5,73.1,7,7.4,2.5,3.0,Yes,Low,Postgraduate,13.9,2,3,67.5
585,Female,21,1.2,97.4,74.0,9,7.8,7.9,1.8,No,Medium,Graduate,19.3,3,1,50.2
586,Male,21,1.4,74.6,65.4,16,8.7,4.5,0.6,Yes,High,High School,24.0,10,5,60.5
587,Female,23,5.7,88.3,60.0,17,8.4,7.8,1.6,No,Low,High School,1.1,9,7,75.7
588,Female,18,4.8,81.6,35.6,16,6.5,6.0,3.9,Yes,Low,High School,16.5,5,4,58.8
589,Male,22,2.7,83.8,94.3,8,8.7,2.9,5.6,No,Medium,High School,28.4,4,4,59.7
590,Female,19,7.1,66.9,43.4,19,5.8,7.9,4.6,No,Low,Postgraduate,20.1,1,6,62.5
591,Female,20,7.0,97.3,71.7,12,8.8,2.8,4.6,No,Medium,High School,17.9,10,9,76.5
592,Female,19,6.6,88.9,44.8,7,7.8,4.0,1.5,Yes,Low,Postgraduate,15.2,8,2,69.9
593,Female,20,6.0,84.1,36.3,5,8.5,6.7,5.0,No,High,Graduate,3.9,4,2,53.3
594,Male,21,4.5,87.7,85.9,19,4.9,3.7,1.2,Yes,High,Postgraduate,1.4,1,1,71.7
595,Female,22,7.7,98.1,41.7,10,8.3,1.6,1.4,No,Low,High School,2.6,10,8,77.0
596,Male,17,5.7,83.2,42.8,1,5.0,3.1,3.8,Yes,Medium,Graduate,5.3,7,3,51.4
597,Male,18,5.4,65.2,90.4,12,7.6,6.0,6.4,No,Medium,High School,18.9,8,3,80.1
598,Male,21,1.4,96.5,93.0,1,7.2,2.2,3.9,No,Medium,High School,8.9,10,3,60.7
599,Female,24,4.2,71.6,51.7,2,8.0,7.0,6.9,Yes,Low,Postgraduate,13.4,3,6,38.3
600,Female,22,6.0,61.5,55.4,4,5.3,3.7,2.6,Yes,High,High School,12.1,7,8,56.7
601,Male,18,4.6,79.2,66.0,17,8.2,3.7,4.3,Yes,Medium,High School,6.9,7,9,66.4
602,Female,20,6.9,71.3,64.9,4,8.6,1.4,2.8,Yes,Low,High School,22.7,3,5,61.3
603,Male,17,1.4,86.3,44.0,0,7.6,4.0,0.9,Yes,Medium,High School,3.3,2,10,20.9
604,Female,24,1.1,80.6,86.3,4,7.9,4.3,1.4,Yes,Medium,High School,5.5,9,5,51.9
605,Female,21,7.1,56.4,82.3,16,5.2,3.8,3.3,Yes,Medium,High School,8.9,8,9,78.9
606,Female,24,1.2,72.0,94.9,6,6.3,1.4,3.0,No,High,Postgraduate,12.7,9,10,53.2
607,Female,19,3.4,57.5,58.4,13,5.4,1.8,1.0,Yes,Low,High School,18.3,10,6,53.3
608,Female,17,6.2,68.9,69.8,20,8.7,2.7,1.1,Yes,Medium,High School,28.4,10,10,72.4
609,Male,22,0.6,71.0,52.8,12,6.8,3.2,3.0,No,High,Postgraduate,3.9,6,3,46.8
610,Male,18,6.6,61.8,72.0,12,6.6,7.1,0.7,Yes,Low,Postgraduate,20.0,3,3,71.9
611,Female,21,6.3,62.2,95.7,16,9.0,5.3,3.9,No,High,Graduate,2.2,6,8,80.1
612,Male,21,5.8,85.7,50.1,19,7.2,7.7,4.2,Yes,Medium,High School,14.2,8,2,81.2
613,Female,24,1.8,68.3,39.3,18,6.1,1.6,1.7,Yes,Low,Postgraduate,15.2,8,5,56.0
614,Female,24,3.2,67.9,60.8,19,8.6,1.9,2.9,No,High,High School,19.0,10,6,63.9
615,Male,20,5.3,88.3,50.4,17,4.5,7.0,2.4,No,Medium,Postgraduate,3.7,3,10,58.2
616,Female,18,4.0,83.9,91.7,14,5.0,2.3,1.2,No,Medium,Postgraduate,15.1,7,7,67.4
617,Female,17,5.8,76.4,52.5,1,7.0,7.6,1.4,No,Medium,Graduate,7.2,4,6,52.6
618,Female,24,2.1,56.0,82.8,13,5.7,5.4,1.0,No,High,High School,20.4,2,5,49.7
619,Male,23,2.4,92.4,40.8,13,6.0,6.3,1.6,No,High,Postgraduate,12.3,6,7,49.2
620,Female,19,0.6,90.2,72.6,2,7.8,5.0,1.4,No,Medium,High School,24.0,6,1,43.5
621,Male,23,5.6,66.8,80.5,14,8.7,7.0,4.6,Yes,High,Graduate,7.3,10,2,75.4
622,Male,24,2.1,63.6,77.8,0,6.2,3.5,2.5,No,Medium,Graduate,11.2,5,9,41.3
623,Female,23,6.7,74.2,96.4,10,5.0,2.2,3.3,No,High,Postgraduate,20.7,3,9,71.6
624,Male,24,5.3,86.6,94.1,3,9.0,6.6,1.2,Yes,High,Graduate,15.6,1,10,61.4
625,Female,24,6.5,85.0,88.7,6,5.5,4.2,3.0,No,High,Postgraduate,23.8,4,8,73.3
626,Female,17,3.5,97.3,84.3,16,5.8,7.2,2.2,Yes,Low,High School,23.9,7,4,69.3
627,Male,23,6.8,78.4,81.7,10,6.0,7.7,7.0,Yes,High,Graduate,4.7,4,9,72.1
628,Female,21,5.3,99.0,45.9,10,6.8,4.1,1.1,Yes,Medium,High School,3.7,3,9,51.8
629,Male,24,0.7,55.5,83.5,4,4.6,6.0,6.5,No,Low,High School,19.9,2,10,27.5
630,Male,18,2.2,63.7,87.9,12,8.0,5.6,2.3,No,High,High School,4.1,3,1,60.0
631,Female,18,2.6,95.3,40.8,15,8.3,7.4,1.9,No,High,High School,7.1,2,8,49.6
632,Male,18,3.6,95.0,74.9,14,8.1,2.3,0.6,No,Medium,Graduate,29.9,3,10,59.7
633,Male,20,5.0,55.2,67.9,8,8.7,2.3,0.7,No,Low,High School,1.9,1,9,48.6
634,Female,24,1.5,58.8,78.6,4,5.7,4.4,6.7,No,High,Graduate,27.7,6,9,39.4
635,Male,24,2.4,63.9,88.3,8,8.8,1.7,5.7,No,Medium,Graduate,18.3,10,5,55.5
636,Male,21,2.5,69.3,41.8,12,6.4,5.0,2.9,No,Medium,Postgraduate,25.0,2,8,35.8
637,Male,22,5.3,98.4,57.2,0,5.0,6.7,3.3,No,Low,Graduate,4.5,3,6,49.9
638,Male,20,2.9,55.5,55.7,14,7.1,3.3,2.0,Yes,High,Graduate,21.8,2,7,42.9
639,Male,24,7.6,91.3,77.3,18,8.5,4.0,5.4,No,Low,Graduate,13.2,6,6,82.8
640,Female,19,1.4,62.7,55.6,12,5.6,1.1,0.6,No,Low,Postgraduate,27.6,10,1,58.6
641,Female,24,0.8,84.0,39.4,3,8.2,3.9,2.5,Yes,Medium,Graduate,21.2,6,6,31.8
642,Male,18,3.9,93.2,95.9,3,8.3,7.6,1.2,No,High,Postgraduate,13.6,4,1,69.7
643,Male,18,1.8,63.6,91.8,11,8.2,4.8,0.5,Yes,Medium,High School,8.6,1,5,54.1
644,Female,24,5.7,90.6,58.9,5,8.7,5.1,1.3,Yes,High,Postgraduate,8.0,6,3,67.7
645,Male,20,4.1,77.1,52.7,15,5.5,2.8,2.4,Yes,Low,Graduate,2.7,2,6,55.7
646,Female,24,0.6,64.7,86.6,6,6.7,3.4,5.8,Yes,High,High School,27.5,9,9,47.0
647,Female,18,2.1,71.4,96.4,19,6.8,6.5,1.7,Yes,Medium,High School,22.6,5,7,60.7
648,Female,20,2.3,95.2,46.8,0,6.6,4.7,2.8,Yes,Medium,Postgraduate,13.5,2,9,28.2
649,Female,24,3.0,74.9,58.3,1,7.4,6.1,3.2,No,Low,Postgraduate,2.4,5,4,43.9
650,Female,23,2.4,60.0,42.3,1,7.1,2.7,4.0,No,Low,High School,22.3,5,4,39.1
651,Female,21,7.1,67.1,48.0,6,6.1,3.0,4.4,Yes,Low,Graduate,20.8,1,2,56.3
652,Male,22,1.7,69.9,63.7,0,7.5,4.0,0.6,No,High,High School,15.2,5,2,38.1
653,Male,18,2.4,59.9,86.6,18,7.6,3.0,2.0,No,High,Graduate,14.1,9,3,71.4
654,Female,18,6.0,99.5,51.2,15,5.6,4.2,5.9,No,High,Postgraduate,22.1,5,6,72.9
655,Male,20,0.7,99.0,88.9,4,6.1,1.2,4.3,No,High,High School,29.0,7,6,47.9
656,Female,21,7.1,85.5,91.7,14,8.9,7.1,1.6,No,Low,High School,17.8,6,6,83.0
657,Male,24,5.8,92.5,42.7,14,7.0,6.5,2.8,Yes,High,Graduate,19.1,2,1,66.9
658,Female,17,5.5,68.7,53.2,9,4.6,1.3,2.3,No,Medium,Postgraduate,25.2,10,2,62.9
659,Male,23,0.9,61.2,90.4,16,7.5,6.4,1.5,Yes,Medium,High School,1.9,2,5,47.8
660,Male,23,7.5,66.2,77.7,12,6.4,7.8,1.1,No,High,High School,20.8,5,5,77.4
661,Female,18,2.0,61.1,69.9,9,5.9,3.1,6.5,Yes,High,Graduate,21.1,8,9,41.9
662,Female,18,4.3,85.8,57.5,11,6.4,3.9,3.2,Yes,High,Graduate,23.8,1,9,46.1
663,Female,24,4.9,71.8,74.1,18,8.5,1.4,6.0,Yes,Low,High School,8.8,3,7,66.7
664,Male,20,7.9,59.8,72.4,9,7.0,5.8,6.1,Yes,High,Postgraduate,29.1,2,10,64.0
665,Male,18,1.5,95.3,75.3,4,5.9,3.2,6.9,Yes,Low,High School,18.5,1,8,39.7
666,Male,20,1.4,59.4,47.9,15,4.6,4.5,3.0,No,High,Postgraduate,13.7,2,5,38.5
667,Male,24,5.4,60.5,44.2,0,5.3,6.7,4.8,No,Medium,Graduate,20.4,3,9,41.3
668,Female,18,7.7,77.2,77.1,12,6.2,6.6,3.5,No,Low,Postgraduate,9.8,7,3,79.0
669,Male,22,5.3,95.2,74.1,1,8.6,3.5,1.4,Yes,Medium,Postgraduate,16.2,8,5,60.2
670,Female,23,4.3,62.9,44.5,20,7.7,3.4,5.1,Yes,High,Graduate,11.9,3,5,60.0
671,Female,23,4.0,84.7,71.3,16,8.0,4.7,1.3,Yes,Low,High School,25.7,6,10,67.2
672,Male,23,1.7,59.3,41.7,15,6.0,2.6,5.5,No,Low,High School,18.7,4,2,48.5
673,Female,19,1.4,93.1,39.6,11,7.2,6.9,6.5,Yes,Low,Graduate,15.2,6,2,48.9
674,Male,20,5.6,65.1,81.8,13,8.2,6.7,1.7,Yes,Low,High School,11.4,10,1,82.0
675,Male,24,3.6,79.6,39.5,5,7.6,7.7,5.2,No,Medium,Postgraduate,27.1,9,8,43.1
676,Female,20,6.9,91.1,62.6,20,6.2,1.5,1.0,Yes,High,Postgraduate,10.6,9,5,82.2
677,Male,21,2.2,97.3,93.1,8,6.3,3.5,6.2,No,High,High School,16.8,3,5,52.3
678,Male,19,7.2,81.2,94.0,8,7.4,1.2,3.2,Yes,High,Postgraduate,10.6,4,6,80.5
679,Female,18,6.2,96.1,38.9,15,4.8,7.6,6.4,No,Low,Graduate,22.0,1,6,64.8
680,Male,20,1.3,77.3,49.2,11,6.4,3.1,6.0,No,High,Postgraduate,22.4,4,1,49.7
681,Female,22,4.6,57.3,83.2,4,6.4,4.0,1.4,Yes,Medium,Graduate,27.6,8,2,67.9
682,Male,20,2.3,59.1,35.6,13,7.9,7.2,5.7,Yes,Low,High School,4.7,10,1,56.6
683,Male,18,1.9,57.0,57.0,20,8.5,8.0,1.3,No,High,High School,15.4,7,8,53.4
684,Male,21,6.0,71.1,92.7,7,6.5,3.1,2.9,No,High,Postgraduate,15.6,9,5,79.2
685,Male,18,0.9,95.5,79.4,19,6.7,1.5,6.4,No,High,High School,2.0,9,4,63.1
686,Male,17,2.3,74.8,83.1,3,4.6,6.9,2.3,No,High,Graduate,15.4,10,7,50.5
687,Female,17,7.0,72.3,37.8,6,6.2,5.6,4.0,No,Medium,Postgraduate,7.3,5,1,63.7
688,Female,24,0.7,87.7,74.2,13,8.0,7.5,5.4,No,High,Postgraduate,17.5,2,9,41.6
689,Female,22,4.4,62.3,59.0,7,5.1,1.1,5.7,No,Low,Postgraduate,9.0,5,2,59.7
690,Male,24,2.5,66.3,76.1,19,4.6,3.1,4.8,Yes,Medium,High School,29.0,5,3,61.5
691,Female,19,4.1,93.0,48.7,1,7.1,1.6,6.3,No,Medium,Graduate,26.2,9,6,55.6
692,Female,17,1.5,83.4,44.3,19,7.5,2.6,4.8,Yes,Low,Postgraduate,29.8,3,9,47.6
693,Male,18,7.8,55.7,88.2,11,6.9,1.3,2.0,Yes,Low,Graduate,17.5,2,2,77.7
694,Female,24,6.7,85.6,39.5,13,8.4,2.0,2.6,No,High,High School,5.6,6,6,71.7
695,Male,23,0.8,96.9,92.4,0,5.0,2.5,2.5,Yes,High,Postgraduate,5.4,9,10,48.1
696,Male,24,6.2,84.2,95.2,7,7.0,8.0,4.6,No,Medium,Graduate,6.7,7,9,74.6
697,Female,22,4.8,96.0,55.7,11,5.5,3.2,6.8,Yes,Medium,Postgraduate,15.7,4,8,59.3
698,Female,19,7.4,84.4,73.1,14,8.0,2.6,5.9,No,Medium,Graduate,10.1,3,9,69.2
699,Male,23,1.1,73.9,96.9,18,6.7,7.2,1.8,No,High,Postgraduate,28.0,3,8,51.2
700,Female,22,6.1,60.7,37.1,13,4.6,2.2,1.0,Yes,Medium,Postgraduate,17.2,9,9,62.8
701,Female,24,5.8,60.4,91.5,10,7.2,5.3,7.0,No,High,Graduate,22.5,1,2,69.1
702,Male,22,3.8,89.1,79.1,5,7.8,5.1,5.8,No,Medium,Graduate,13.7,9,2,62.5
703,Female,21,4.3,81.5,94.5,3,5.5,4.5,0.8,No,Medium,Graduate,23.0,9,9,63.6
704,Male,18,7.7,56.9,94.5,6,6.4,2.9,6.2,No,Medium,Graduate,13.7,6,2,76.4
705,Male,17,7.1,68.0,92.8,19,7.9,7.5,4.8,Yes,High,Postgraduate,24.2,3,2,83.1
706,Female,21,0.5,92.5,36.6,6,5.8,7.6,3.3,Yes,High,Postgraduate,27.7,8,9,30.4
707,Male,18,1.4,95.0,66.1,2,8.4,8.0,5.3,No,Low,Postgraduate,10.7,2,6,41.2
708,Female,20,3.9,88.1,77.3,2,7.7,3.2,6.5,Yes,High,Postgraduate,1.2,7,2,64.5
709,Male,20,1.5,71.9,94.4,6,5.7,2.1,5.8,Yes,Medium,High School,15.2,8,5,50.2
710,Male,21,5.1,86.9,37.4,8,7.3,5.4,2.0,Yes,Medium,Postgraduate,15.1,6,8,53.4
711,Female,20,6.5,72.6,57.5,15,5.8,2.5,6.8,No,Low,High School,14.5,5,7,71.0
712,Male,17,2.9,60.1,78.9,4,8.0,4.4,5.7,No,Medium,Postgraduate,7.2,8,10,45.2
713,Male,21,6.9,73.4,70.4,10,5.7,3.2,3.0,No,High,High School,10.9,8,7,71.8
714,Male,17,6.6,68.9,60.8,18,8.4,4.8,5.6,Yes,Medium,High School,23.6,2,10,64.7
715,Female,20,3.0,70.9,83.3,2,7.4,4.6,2.9,No,Low,Graduate,10.6,4,3,55.4
716,Male,19,2.1,88.0,94.2,1,8.3,6.3,3.9,No,Medium,High School,7.7,9,7,57.9
717,Female,17,6.3,66.1,52.2,3,8.2,3.6,3.1,Yes,High,Postgraduate,18.5,5,2,55.2
718,Female,21,1.6,88.1,84.9,6,8.2,7.0,5.6,No,Low,High School,8.7,7,9,51.6
719,Female,17,5.4,76.2,53.3,2,5.5,3.8,2.3,No,High,Graduate,28.6,5,9,49.3
720,Female,22,6.2,87.2,63.5,18,8.9,3.8,2.0,Yes,High,High School,3.8,6,8,74.7
721,Male,24,1.8,93.9,65.9,7,4.9,3.8,5.9,No,Medium,Graduate,22.5,9,10,49.7
722,Female,20,6.8,56.6,78.4,19,6.3,1.0,5.0,No,Medium,Postgraduate,15.0,9,8,79.6
723,Male,19,4.7,88.3,81.2,3,6.4,1.5,1.3,Yes,Medium,High School,2.1,1,3,59.2
724,Female,21,3.7,62.7,85.6,15,5.1,7.1,3.2,No,High,Graduate,17.4,1,5,55.8
725,Female,19,1.7,68.1,78.2,19,8.8,3.6,4.4,Yes,High,Postgraduate,25.1,8,8,56.0
726,Female,18,0.6,73.7,44.5,2,9.0,1.0,5.1,Yes,High,Graduate,18.2,4,2,32.3
727,Female,23,1.0,83.6,90.7,11,7.3,7.5,2.3,No,High,Postgraduate,19.6,7,10,54.2
728,Female,22,2.0,81.7,41.5,6,5.8,2.8,1.2,No,High,Postgraduate,20.4,9,10,41.4
729,Female,18,4.1,62.6,84.4,6,4.9,6.6,1.5,Yes,Low,Postgraduate,24.4,3,8,55.5
730,Female,18,3.7,76.2,54.1,3,5.6,3.8,5.5,Yes,Low,Postgraduate,25.2,8,6,47.2
731,Female,24,5.8,92.8,70.3,15,7.6,2.8,1.3,No,High,Graduate,7.2,7,6,72.8
732,Male,17,4.7,99.9,94.2,12,6.2,7.5,7.0,No,Medium,High School,27.4,4,8,67.4
733,Male,17,7.4,77.6,35.8,8,4.7,2.9,3.6,No,High,Postgraduate,14.2,1,5,54.9
734,Male,18,1.8,88.7,75.8,17,8.1,1.3,0.7,No,Low,High School,13.9,3,3,64.1
735,Female,19,5.8,69.1,89.0,8,8.9,2.4,4.5,No,High,High School,28.3,1,6,66.5
736,Male,21,3.5,92.7,77.2,2,5.4,6.3,1.5,Yes,High,Postgraduate,12.9,5,2,55.2
737,Female,18,5.3,92.9,94.3,9,5.7,3.5,2.7,Yes,Low,High School,22.2,10,2,83.9
738,Male,19,1.9,81.6,95.8,5,8.0,2.5,2.9,No,Low,Graduate,21.5,2,4,50.1
739,Female,18,1.8,61.3,54.9,7,8.3,2.9,1.8,No,Medium,Postgraduate,11.5,5,5,42.7
740,Female,22,6.3,78.5,87.3,5,4.7,6.8,3.0,No,Low,Graduate,21.3,9,10,65.6
741,Male,24,4.3,92.3,85.0,2,6.8,2.5,1.9,Yes,Medium,Postgraduate,10.4,5,1,69.4
742,Female,22,4.7,84.6,91.8,10,7.7,5.4,6.2,Yes,Low,Graduate,9.9,1,3,65.2
743,Female,22,4.0,63.4,36.4,19,6.6,5.0,3.3,No,Medium,Postgraduate,12.6,7,8,58.4
744,Male,19,0.8,96.8,49.8,16,5.0,4.0,2.3,No,High,Postgraduate,28.3,10,7,53.9
745,Male,22,2.0,98.8,82.4,4,7.5,6.5,0.8,No,Medium,High School,14.4,2,5,52.7
746,Female,17,5.4,64.0,45.8,9,4.9,2.7,1.8,No,Low,Graduate,3.9,2,4,49.1
747,Male,23,4.6,72.7,48.4,15,7.5,6.8,5.1,No,Medium,Postgraduate,22.2,2,7,49.7
748,Female,22,3.7,72.7,39.5,15,7.5,7.8,0.7,No,High,High School,18.7,10,3,64.6
749,Male,23,6.1,96.2,75.7,4,6.7,1.3,2.5,Yes,Medium,Graduate,12.2,2,6,62.4
750,Female,18,6.7,56.6,95.4,13,5.3,3.8,3.9,No,Low,High School,10.3,2,8,73.2
751,Male,24,4.8,72.3,63.6,15,7.4,5.7,3.2,No,Medium,Postgraduate,10.7,1,5,59.4
752,Female,20,4.5,71.4,84.5,13,6.9,3.7,4.9,No,Medium,High School,14.5,3,1,67.4
753,Male,21,0.8,94.1,64.0,1,8.5,5.8,2.1,Yes,Medium,Graduate,13.1,6,5,43.5
754,Male,19,3.9,68.4,37.2,3,6.1,1.3,5.3,Yes,High,Graduate,13.5,4,3,38.2
755,Male,22,2.6,98.7,78.4,7,8.6,7.3,6.6,No,Low,High School,18.7,9,10,54.5
756,Male,21,5.9,91.6,41.4,16,8.9,1.6,6.5,Yes,Medium,High School,24.0,5,7,62.8
757,Female,21,4.8,99.8,73.8,17,8.3,2.7,5.7,Yes,Medium,Postgraduate,20.5,6,10,68.8
758,Female,18,5.0,95.9,77.7,8,4.5,2.4,5.6,Yes,Low,High School,21.6,3,5,60.9
759,Male,22,2.2,82.5,80.9,19,8.2,5.1,4.6,No,Medium,Graduate,24.9,6,9,59.6
760,Female,22,1.6,93.4,66.4,17,7.6,5.7,2.2,Yes,Low,Postgraduate,29.6,1,10,52.3
761,Male,21,3.3,68.1,54.9,14,4.6,5.4,1.6,No,Low,Graduate,27.7,6,10,48.7
762,Female,23,1.5,82.3,88.5,3,6.3,2.5,1.2,No,Low,Graduate,27.1,5,3,54.9
763,Female,24,2.6,89.7,74.7,20,7.9,3.2,4.0,No,Medium,High School,27.8,7,4,73.6
764,Female,23,1.8,68.0,68.6,10,7.9,5.6,4.9,No,Low,Postgraduate,1.8,2,7,42.9
765,Female,18,2.2,82.4,66.7,2,7.2,6.1,6.6,No,Low,Postgraduate,18.4,6,10,36.4
766,Male,22,6.4,72.5,67.2,6,8.3,2.1,2.9,Yes,Medium,High School,26.9,4,3,65.4
767,Female,19,2.1,75.8,50.4,19,6.5,2.7,1.6,Yes,Medium,Postgraduate,28.9,8,9,54.8
768,Male,17,0.6,56.5,77.6,16,9.0,7.0,1.0,No,Medium,Postgraduate,2.7,7,5,55.6
769,Male,19,6.6,92.3,80.7,1,6.1,6.0,3.8,No,High,High School,21.9,8,7,72.6
770,Female,20,3.2,84.5,43.9,7,8.1,2.5,1.1,No,Medium,Graduate,21.0,2,8,44.8
771,Female,22,3.0,75.3,51.2,8,7.2,6.3,1.5,No,Medium,Postgraduate,5.6,5,1,49.8
772,Female,20,5.3,76.4,62.7,9,5.2,6.6,1.3,Yes,Low,Postgraduate,9.8,10,5,71.5
773,Female,22,4.9,66.7,80.4,16,6.3,5.3,1.6,No,Medium,Postgraduate,5.9,6,3,74.3
774,Male,20,4.4,62.9,91.5,0,7.5,1.5,2.0,No,Medium,Graduate,17.5,4,4,52.3
775,Female,18,5.3,55.5,82.0,16,8.5,6.2,2.9,No,High,Postgraduate,25.6,1,7,64.4
776,Female,19,4.5,58.6,85.3,14,7.1,2.7,2.2,Yes,High,Graduate,17.0,3,4,62.4
777,Female,24,1.2,63.6,87.3,2,8.6,1.9,2.5,Yes,High,High School,10.2,4,4,40.6
778,Male,23,5.3,63.8,42.3,2,6.6,1.7,4.3,Yes,High,Graduate,23.5,10,8,48.4
779,Female,24,2.0,91.3,73.7,14,9.0,2.8,3.1,No,High,Graduate,8.7,5,8,56.6
780,Female,24,4.5,70.4,77.7,16,5.9,4.1,6.9,Yes,Low,High School,23.1,3,8,55.6
781,Female,22,5.5,59.3,89.3,10,7.4,4.8,1.7,No,Low,Postgraduate,9.7,2,4,62.9
782,Female,24,5.1,80.7,44.7,5,5.4,3.8,1.6,No,High,Graduate,7.6,3,10,47.1
783,Female,23,2.5,97.0,87.6,11,5.2,3.3,2.8,Yes,Medium,High School,29.1,6,8,58.6
784,Male,22,3.2,91.2,96.4,8,4.6,5.9,1.9,No,Medium,Graduate,17.2,5,5,67.0
785,Female,17,6.0,90.9,73.9,14,8.4,1.7,2.1,No,High,Postgraduate,15.1,6,8,77.7
786,Male,18,2.6,82.3,58.6,3,4.8,3.4,4.0,No,High,Graduate,24.9,8,5,44.4
787,Female,17,7.1,81.5,71.2,17,4.9,2.7,4.2,Yes,Low,Postgraduate,21.6,5,9,75.4
788,Male,21,2.9,93.4,92.0,14,7.9,2.5,2.6,No,High,Postgraduate,28.0,4,8,62.0
789,Female,17,1.6,83.9,61.9,15,8.1,6.8,0.9,No,High,Graduate,9.2,9,6,52.0
790,Female,20,3.0,58.0,39.8,2,8.9,6.5,4.0,Yes,High,Graduate,24.7,9,2,45.3
791,Female,17,4.0,95.0,97.6,4,7.4,1.5,4.7,No,High,Graduate,1.2,6,8,63.0
792,Male,22,6.7,55.8,49.2,13,5.2,7.0,4.3,Yes,Low,High School,7.0,6,9,60.0
793,Male,20,1.9,56.2,72.9,1,8.0,4.8,6.7,No,Low,Graduate,29.7,6,6,42.4
794,Male,23,2.2,96.4,83.7,0,5.1,7.3,3.4,Yes,Medium,Graduate,12.6,7,1,56.4
795,Male,18,2.0,72.1,86.3,2,8.9,4.5,4.3,No,High,Postgraduate,11.4,9,2,52.4
796,Female,23,8.0,73.7,48.3,2,8.1,3.5,2.2,No,Low,Graduate,11.5,2,8,51.0
797,Female,22,2.8,57.9,94.6,20,5.9,8.0,1.0,Yes,Low,High School,6.1,7,8,61.4
798,Male,23,0.6,78.3,43.8,15,7.9,1.4,5.7,Yes,Low,Postgraduate,29.0,5,6,41.8
799,Female,22,6.1,91.5,46.4,3,8.0,1.2,1.8,Yes,Low,Graduate,1.8,7,6,63.7
800,Male,22,4.0,88.1,44.1,13,4.7,3.6,4.4,Yes,Low,Graduate,29.7,9,3,59.7
801,Female,19,1.3,76.4,97.0,17,6.5,7.0,5.8,No,High,Postgraduate,11.6,1,5,55.9
802,Male,23,5.1,87.2,65.1,18,5.4,2.5,1.3,No,High,High School,8.2,3,4,72.2
803,Female,19,2.4,87.9,54.0,14,7.5,4.6,4.3,Yes,High,Graduate,19.3,5,3,54.4
804,Female,22,6.5,99.1,35.9,20,4.7,6.6,1.6,Yes,High,Postgraduate,12.8,6,1,79.2
805,Male,21,7.9,75.4,51.6,14,5.0,3.0,5.5,No,Medium,Postgraduate,14.2,6,6,77.8
806,Female,18,1.2,93.5,83.1,8,4.8,3.6,4.7,Yes,High,Postgraduate,9.6,9,3,54.6
807,Male,17,7.0,68.8,62.5,2,8.8,7.8,1.7,Yes,High,Postgraduate,11.3,9,4,63.9
808,Male,19,5.0,61.8,89.2,16,4.7,4.7,4.0,Yes,High,High School,16.7,9,3,76.9
809,Female,22,7.7,74.1,47.7,1,8.8,7.6,2.4,Yes,High,Graduate,1.0,9,7,67.0
810,Male,20,2.4,80.0,54.6,19,7.2,1.5,5.4,No,Low,Postgraduate,13.2,3,3,56.0
811,Male,20,4.9,66.2,57.1,7,8.8,2.9,6.3,No,Low,Postgraduate,9.0,2,10,49.0
812,Female,19,3.0,83.7,67.8,16,5.0,5.4,3.6,Yes,High,Graduate,26.4,8,5,67.9
813,Male,18,7.6,56.8,87.8,8,5.0,4.3,4.3,No,Low,Postgraduate,15.3,8,5,74.6
814,Female,23,5.8,74.5,38.6,3,8.4,3.0,5.2,No,Medium,High School,1.4,5,5,52.3
815,Female,23,5.8,76.8,71.9,7,7.2,5.7,1.2,Yes,High,High School,18.1,8,9,65.4
816,Male,22,6.5,97.9,71.3,3,8.9,2.7,4.3,No,Medium,Postgraduate,26.0,10,7,74.8
817,Female,17,0.8,72.9,85.7,13,7.5,1.2,4.2,No,Medium,Graduate,24.7,1,6,42.6
818,Female,23,3.1,98.8,50.7,14,8.0,3.3,5.0,No,Low,Graduate,25.8,5,3,56.7
819,Female,19,3.0,82.7,81.6,7,5.9,3.1,6.4,No,Low,Graduate,25.8,2,7,47.8
820,Female,19,4.1,70.2,62.6,11,7.9,7.7,2.6,No,High,Postgraduate,3.2,2,4,56.1
821,Female,18,1.2,87.0,92.6,12,8.3,2.0,2.7,No,High,Postgraduate,29.2,6,7,53.3
822,Male,20,2.9,65.1,87.0,7,7.0,5.7,2.3,Yes,Medium,Postgraduate,24.5,8,4,63.1
823,Female,23,1.6,68.4,95.8,19,6.7,4.1,4.1,No,High,Graduate,24.3,10,4,69.6
824,Male,19,2.5,71.7,91.7,7,5.9,3.5,6.7,Yes,High,Postgraduate,14.8,3,6,54.1
825,Male,24,2.9,91.3,73.1,11,7.7,5.5,4.1,No,Medium,Postgraduate,13.6,4,8,52.6
826,Male,21,7.6,62.7,70.3,17,7.4,7.3,3.6,No,High,High School,21.7,3,2,81.4
827,Female,19,4.2,86.7,94.4,12,5.5,4.2,4.0,No,Low,Postgraduate,2.5,5,6,67.2
828,Male,19,6.2,81.4,83.8,2,7.3,4.7,5.2,Yes,High,Graduate,22.1,4,4,70.3
829,Female,19,3.0,59.2,60.4,12,8.1,3.7,3.6,No,Medium,Graduate,3.6,6,3,50.8
830,Male,17,2.5,64.0,57.1,20,7.3,3.4,5.4,No,Low,High School,1.1,9,5,55.5
831,Female,19,7.9,55.6,55.6,9,4.6,7.3,4.2,Yes,Medium,High School,26.3,2,3,61.8
832,Male,18,7.3,82.0,71.2,14,7.7,7.2,1.7,No,Medium,High School,11.1,3,8,68.1
833,Female,24,1.9,78.3,91.7,15,5.4,2.1,4.5,Yes,High,Postgraduate,2.9,6,8,63.5
834,Male,22,2.3,61.4,95.5,15,5.3,3.8,2.8,No,High,Postgraduate,6.8,8,10,55.3
835,Female,23,2.9,75.2,47.5,20,6.4,4.0,1.0,No,Medium,Graduate,23.4,1,8,45.5
836,Male,17,5.7,78.7,37.6,2,5.9,5.1,6.4,Yes,Medium,Graduate,6.5,9,3,57.7
837,Male,24,7.7,57.4,87.0,13,7.8,4.7,1.7,Yes,Low,Postgraduate,10.3,6,1,88.9
838,Male,22,5.9,77.3,71.0,19,4.6,7.5,1.8,Yes,Medium,High School,11.8,2,5,66.7
839,Female,23,6.8,57.0,43.9,7,7.3,2.8,6.5,Yes,Medium,Graduate,11.9,10,5,59.2
840,Male,18,6.8,63.5,84.1,8,7.2,5.4,3.1,Yes,Low,High School,27.2,8,3,78.7
841,Female,18,4.2,63.3,55.6,8,8.8,6.0,5.0,Yes,Medium,High School,28.6,5,9,45.1
842,Male,20,4.7,77.4,43.0,1,6.6,1.8,2.0,No,High,Graduate,13.7,7,3,47.5
843,Male,22,1.6,81.9,37.6,16,8.0,2.3,1.9,No,Low,Graduate,14.4,6,1,53.2
844,Female,18,7.3,57.5,58.9,9,6.8,2.6,4.6,Yes,High,Postgraduate,9.3,6,8,58.8
845,Female,22,1.7,79.6,55.0,3,7.6,3.9,4.0,Yes,Low,High School,20.8,10,3,50.5
846,Male,24,0.5,55.2,38.7,12,8.0,1.8,2.0,No,Medium,Postgraduate,18.9,1,10,24.3
847,Female,20,3.9,88.7,78.0,19,5.6,7.9,4.6,Yes,Medium,Postgraduate,22.2,8,3,76.7
848,Male,23,7.7,72.5,51.2,5,6.2,1.1,5.7,Yes,High,Graduate,7.0,3,1,65.1
849,Male,20,3.5,94.8,64.0,14,6.5,3.7,2.9,Yes,High,High School,17.5,6,7,58.1
850,Male,23,7.6,87.8,84.4,11,8.6,4.8,5.5,Yes,Medium,High School,16.7,7,6,83.4
851,Female,19,3.9,95.7,95.2,19,6.4,2.4,2.7,No,Low,Postgraduate,7.0,3,7,77.6
852,Female,20,4.8,62.8,97.0,18,8.0,5.5,4.2,Yes,Medium,Graduate,18.7,4,3,75.3
853,Male,22,6.2,78.9,74.6,1,7.5,6.5,1.1,No,Low,Postgraduate,5.4,1,1,60.4
854,Male,19,2.1,92.8,57.9,10,7.1,6.8,3.6,Yes,Medium,High School,16.4,3,5,46.9
855,Male,24,5.1,62.1,69.8,15,7.6,3.0,6.0,Yes,Low,High School,26.5,4,2,68.5
856,Male,24,4.0,76.5,83.3,18,7.6,6.7,6.6,No,Medium,High School,26.7,10,10,66.1
857,Male,22,1.0,61.1,53.9,12,8.6,1.8,6.6,No,Low,Postgraduate,26.8,4,6,35.4
858,Male,17,3.6,62.6,88.6,6,6.8,7.9,6.4,Yes,High,Graduate,8.6,1,8,45.5
859,Male,21,8.0,70.2,52.2,14,7.5,3.3,0.7,No,Low,Graduate,12.0,10,1,86.7
860,Male,22,0.8,85.2,78.9,10,6.2,4.6,7.0,No,High,High School,15.2,7,7,50.5
861,Male,20,2.5,96.1,92.9,2,8.1,7.4,6.1,Yes,Low,Graduate,2.9,2,1,58.5
862,Female,22,4.8,65.7,40.5,2,4.5,1.1,5.7,Yes,High,High School,2.6,10,2,49.3
863,Male,23,1.5,96.3,93.4,5,4.9,7.7,0.5,No,High,Postgraduate,6.6,4,4,49.6
864,Male,18,6.6,86.9,66.2,5,6.6,6.1,4.3,Yes,Low,Graduate,5.2,1,8,55.4
865,Female,23,4.6,98.8,79.1,2,5.3,6.9,5.4,No,Low,Graduate,8.3,4,3,60.3
866,Male,23,3.1,65.8,35.4,8,5.8,2.1,0.9,Yes,High,Postgraduate,13.9,8,6,49.0
867,Female,24,7.8,85.4,55.1,11,7.6,5.2,6.7,No,High,Graduate,11.7,10,5,80.3
868,Female,23,2.8,77.0,69.4,6,5.5,2.2,5.0,No,Medium,Graduate,5.4,7,8,53.2
869,Female,19,6.0,72.4,94.8,4,8.0,3.7,6.2,Yes,High,High School,7.3,3,7,61.4
870,Female,24,0.6,76.3,52.1,6,4.6,3.7,2.5,No,Medium,High School,15.1,9,5,37.9
871,Female,24,5.5,70.9,41.7,10,7.7,5.3,1.4,Yes,Medium,Postgraduate,5.6,9,8,61.6
872,Female,18,5.2,85.8,62.0,3,7.2,4.7,2.7,Yes,Medium,Graduate,13.1,6,3,59.9
873,Female,20,2.1,69.7,49.7,10,7.4,7.3,3.6,Yes,Medium,Postgraduate,17.6,5,9,38.8
874,Male,22,7.3,86.9,73.4,7,6.7,4.3,0.6,Yes,High,Graduate,14.4,9,2,80.6
875,Male,24,7.3,97.6,80.9,2,6.5,6.4,5.6,Yes,Low,Postgraduate,1.1,5,3,72.9
876,Male,18,3.2,82.9,70.4,8,8.8,4.4,2.5,No,High,High School,22.3,9,4,64.9
877,Male,17,2.0,90.9,52.8,12,6.4,6.7,0.6,No,Low,Graduate,14.5,5,4,48.4
878,Female,21,7.3,61.6,74.4,17,5.2,4.1,2.5,Yes,High,High School,10.4,5,8,72.5
879,Female,23,0.6,57.4,55.6,15,6.2,3.2,5.2,Yes,Medium,Postgraduate,25.2,9,1,52.1
880,Male,19,0.8,67.7,70.6,18,4.7,4.6,5.2,Yes,Low,Postgraduate,5.7,3,8,40.3
881,Female,23,5.9,59.1,57.7,11,6.0,3.9,5.4,Yes,High,High School,24.6,8,7,62.8
882,Male,24,3.9,60.2,92.4,8,5.5,1.4,4.9,Yes,Low,High School,23.0,1,1,61.2
883,Female,17,7.6,97.9,43.7,10,6.0,6.3,4.9,No,High,High School,2.2,1,9,64.1
884,Male,17,4.9,64.4,71.7,0,6.1,1.6,6.2,No,Medium,Postgraduate,11.9,9,3,57.2
885,Female,23,3.4,92.6,82.5,8,6.0,3.3,2.2,Yes,Low,High School,2.2,2,5,57.7
886,Female,24,6.5,88.4,90.1,6,7.9,6.1,2.4,Yes,High,Postgraduate,7.7,4,10,70.8
887,Female,22,7.2,93.0,48.7,0,5.9,2.5,1.7,No,Medium,Postgraduate,22.9,6,4,63.4
888,Male,21,7.4,76.6,72.6,7,4.8,1.8,0.5,Yes,Medium,Graduate,12.1,1,10,56.5
889,Male,21,4.8,62.2,38.4,6,7.4,7.8,5.3,Yes,Low,Graduate,5.1,6,2,49.4
890,Male,18,3.9,97.0,96.9,6,5.0,5.5,6.7,Yes,Medium,Postgraduate,21.2,1,8,53.1
891,Female,24,2.5,56.0,70.5,2,7.8,2.1,0.9,No,Low,High School,17.7,7,1,44.8
892,Male,20,0.8,57.8,83.5,8,7.7,6.0,1.8,No,Low,Postgraduate,2.3,5,1,51.0
893,Female,24,4.7,93.6,70.2,15,8.1,6.0,5.3,No,High,High School,11.8,5,6,64.1
894,Female,21,7.3,87.7,69.1,10,7.8,3.4,1.6,Yes,High,Graduate,20.6,7,6,76.3
895,Male,17,3.6,98.3,40.4,8,8.5,3.3,2.8,No,High,Postgraduate,5.2,8,8,54.7
896,Male,17,3.1,83.5,81.9,18,5.1,6.7,1.8,Yes,High,High School,8.4,7,2,76.2
897,Female,20,4.6,97.4,81.6,10,6.7,3.3,5.9,No,High,Graduate,20.9,6,9,69.0
898,Female,19,7.9,65.2,75.6,4,8.3,7.3,1.7,Yes,High,Graduate,8.0,1,9,64.0
899,Male,18,3.5,92.1,69.1,3,8.8,2.3,0.6,No,Medium,High School,13.2,5,2,54.2
900,Male,24,3.2,73.1,79.0,9,6.0,3.6,2.5,Yes,Medium,Graduate,11.2,10,10,62.0
901,Female,17,2.4,76.3,85.3,17,8.0,4.0,4.3,No,Low,Graduate,8.3,6,8,66.1
902,Male,22,1.2,66.0,87.3,20,8.7,4.2,5.4,No,High,Postgraduate,25.8,4,10,57.0
903,Male,24,2.1,73.5,35.6,4,7.2,5.7,0.7,No,High,Postgraduate,12.3,9,8,33.3
904,Male,21,7.4,84.4,38.1,18,5.0,4.6,1.6,No,Medium,High School,20.9,8,5,80.3
905,Male,20,7.8,58.5,65.4,7,4.5,6.4,5.7,No,High,Postgraduate,25.5,3,7,57.1
906,Female,22,2.2,75.0,79.1,3,5.0,2.0,5.3,No,Low,Postgraduate,16.2,10,10,42.4
907,Female,24,5.7,83.6,41.7,15,4.7,4.1,5.1,No,High,High School,27.3,2,2,58.7
908,Female,18,7.1,60.4,45.2,18,5.3,2.4,4.8,Yes,High,Graduate,4.4,9,6,73.6
909,Male,21,0.8,64.1,53.9,12,4.6,1.4,5.6,Yes,Medium,High School,26.0,2,9,32.9
910,Male,19,6.5,63.5,64.9,15,5.5,2.2,4.1,Yes,Medium,Postgraduate,29.7,9,2,75.4
911,Female,17,1.0,62.4,74.5,13,8.3,3.5,2.0,No,Medium,High School,6.6,5,7,41.9
912,Male,20,5.9,71.8,63.3,7,7.9,1.9,4.5,No,Medium,High School,13.5,9,7,65.9
913,Female,21,0.7,58.0,40.3,4,8.0,1.3,2.3,No,Medium,Graduate,15.8,5,8,27.0
914,Male,24,3.4,94.2,78.4,17,8.7,5.2,4.8,No,High,Postgraduate,18.9,10,3,76.3
915,Female,21,1.0,83.3,93.9,9,7.2,2.6,6.5,Yes,Medium,Postgraduate,20.6,6,4,55.3
916,Female,22,2.6,81.9,77.2,6,8.0,7.2,1.4,Yes,Medium,Postgraduate,16.1,5,4,56.1
917,Female,24,1.4,87.5,53.4,7,5.4,6.5,5.9,No,High,Graduate,16.6,3,8,35.0
918,Female,21,1.6,82.3,50.9,12,8.2,7.9,0.5,No,Low,Graduate,2.5,4,5,50.2
919,Male,17,3.7,99.2,72.5,15,6.5,3.2,1.4,Yes,Medium,High School,16.9,2,6,65.6
920,Female,21,2.5,90.3,93.3,13,5.4,7.2,4.2,No,Low,High School,7.4,1,2,61.7
921,Female,20,5.0,88.8,93.5,11,8.3,2.1,4.1,Yes,Low,High School,17.6,6,4,72.5
922,Male,20,5.1,98.8,86.0,3,4.9,6.9,1.9,No,Low,High School,7.9,8,10,60.6
923,Female,23,2.8,81.1,72.8,12,6.5,2.6,6.0,Yes,High,Graduate,6.9,7,8,55.2
924,Male,18,5.5,74.6,90.1,10,5.9,4.5,4.5,No,Low,Graduate,7.0,8,10,66.1
925,Male,24,2.9,73.2,50.7,9,8.5,3.7,6.2,Yes,Medium,Postgraduate,11.0,1,10,33.8
926,Male,20,3.4,77.1,80.6,13,4.9,2.8,2.0,Yes,Low,Graduate,11.6,6,5,63.3
927,Female,19,6.2,59.0,92.7,2,7.3,4.9,2.1,No,Medium,High School,7.6,9,5,69.2
928,Female,19,2.8,78.4,49.6,2,7.3,5.0,5.6,Yes,Low,High School,18.5,3,5,39.0
929,Male,20,1.1,89.8,51.9,5,6.9,6.5,4.1,Yes,Medium,High School,23.2,6,3,40.2
930,Female,21,4.3,55.9,66.8,1,6.3,2.2,3.5,No,Low,Graduate,6.1,3,4,50.5
931,Female,23,1.3,66.2,75.3,1,4.8,3.6,0.5,No,High,Postgraduate,11.3,8,9,41.3
932,Male,18,5.0,87.3,82.2,8,6.9,3.9,3.8,No,Medium,High School,18.5,8,3,76.3
933,Male,21,3.6,71.9,58.5,10,6.7,6.3,1.9,No,Low,High School,1.5,3,8,51.9
934,Male,19,2.2,74.8,65.7,14,7.7,3.6,1.8,Yes,Medium,Graduate,2.5,3,7,54.2
935,Female,18,4.0,72.4,76.2,13,4.9,3.1,5.8,No,Medium,High School,10.0,9,8,58.4
936,Female,22,4.3,55.5,41.4,17,5.7,1.2,1.9,No,Medium,Postgraduate,10.5,9,6,54.4
937,Male,23,3.3,91.1,71.9,14,7.9,4.0,3.8,No,High,Postgraduate,13.8,9,10,62.8
938,Male,20,5.9,67.0,44.0,6,4.9,3.7,3.1,No,High,High School,13.1,1,1,52.1
939,Female,18,6.7,61.8,69.5,8,9.0,2.5,6.9,Yes,Medium,High School,27.8,3,1,64.0
940,Female,22,4.2,58.6,64.0,10,7.3,7.9,6.0,Yes,High,Postgraduate,25.2,5,10,49.3
941,Female,17,4.9,85.7,85.8,7,5.5,1.2,3.6,No,Medium,High School,24.9,6,9,61.6
942,Female,23,4.7,93.0,48.8,7,6.6,2.1,1.1,No,Medium,High School,8.0,9,9,56.0
943,Male,22,5.2,97.7,76.8,10,8.7,1.4,3.1,No,Low,Graduate,7.8,7,3,74.2
944,Female,19,7.1,77.1,95.4,18,5.5,4.0,2.0,No,High,Graduate,25.7,4,10,83.5
945,Male,17,1.3,58.7,81.5,4,6.9,4.4,1.1,Yes,Medium,Graduate,20.7,3,1,40.0
946,Male,17,7.4,86.5,77.0,2,4.7,7.3,2.6,Yes,Low,Graduate,24.9,1,10,55.2
947,Male,18,4.2,67.0,53.4,16,4.8,5.3,1.4,No,High,High School,21.0,8,10,60.5
948,Male,21,0.7,93.3,76.9,15,8.1,3.5,3.8,No,Low,High School,14.4,5,7,52.2
949,Female,20,5.8,56.7,38.7,3,5.2,8.0,1.3,No,Medium,Graduate,4.6,2,5,47.4
950,Male,22,5.3,97.4,69.8,18,5.9,6.0,6.3,Yes,Low,High School,25.4,1,6,65.1
951,Female,23,6.5,72.5,86.2,14,7.5,3.8,5.1,No,High,Postgraduate,6.3,6,8,71.0
952,Female,21,7.0,62.4,50.8,2,6.7,7.9,1.5,Yes,High,High School,13.1,3,4,56.0
953,Female,21,6.3,83.4,79.8,19,6.2,1.0,3.6,No,High,Postgraduate,18.8,9,4,84.4
954,Female,17,5.1,74.6,94.8,1,6.5,6.0,4.1,No,High,Postgraduate,29.0,9,8,59.7
955,Female,21,1.0,92.3,61.3,14,8.6,5.3,2.0,Yes,Low,Postgraduate,27.2,6,10,44.0
956,Male,21,2.4,66.9,68.4,1,5.5,6.8,2.1,No,Low,Postgraduate,26.2,1,7,31.2
957,Male,20,6.0,89.5,84.6,19,7.5,4.5,4.3,No,High,Postgraduate,10.5,9,9,80.7
958,Female,19,4.6,64.0,78.2,2,6.0,2.7,3.6,No,High,Graduate,13.1,2,3,57.9
959,Male,18,7.3,64.2,45.3,3,7.9,3.0,7.0,Yes,Low,High School,23.6,9,2,59.9
960,Female,21,6.5,97.5,95.8,3,7.9,3.4,3.8,Yes,Medium,High School,11.2,9,8,76.5
961,Female,19,3.4,63.5,94.5,0,8.6,5.3,6.8,Yes,Medium,Postgraduate,11.2,2,2,47.0
962,Female,18,3.1,72.5,82.7,3,8.1,6.4,3.1,Yes,High,Graduate,17.2,3,4,52.3
963,Female,17,3.9,69.5,58.2,1,4.7,2.3,4.2,No,Medium,High School,4.9,1,6,41.2
964,Male,22,1.2,78.4,83.3,18,5.1,4.5,7.0,Yes,Medium,Postgraduate,24.8,6,2,62.4
965,Female,18,2.7,93.6,38.5,9,7.5,8.0,5.0,No,Low,Graduate,9.9,7,3,49.3
966,Male,22,2.7,56.0,96.8,10,5.3,1.7,1.4,Yes,Low,Graduate,23.3,9,10,58.1
967,Male,21,2.9,60.6,71.3,18,8.1,2.6,2.3,No,Low,Graduate,22.8,9,9,64.3
968,Female,17,0.8,96.3,61.5,10,5.7,1.4,0.9,No,Medium,Graduate,16.7,10,1,53.9
969,Male,24,2.5,81.6,70.4,7,4.9,2.2,4.7,Yes,High,Postgraduate,4.7,10,2,61.2
970,Male,24,6.0,92.0,78.0,7,9.0,1.0,3.9,Yes,Low,Graduate,7.1,5,10,67.8
971,Male,23,5.5,63.7,68.3,11,5.1,7.8,3.2,No,High,Postgraduate,15.4,10,5,67.4
972,Male,19,7.8,73.2,47.0,8,7.6,5.0,5.8,Yes,Low,High School,22.6,10,2,79.5
973,Male,23,6.0,85.8,43.4,6,5.7,1.8,0.5,Yes,Medium,High School,14.0,4,2,64.1
974,Male,20,1.6,84.2,42.8,11,6.0,3.9,4.8,No,Medium,High School,26.2,5,8,42.0
975,Male,24,6.9,84.8,65.9,8,6.5,2.8,3.3,No,Low,Graduate,4.2,3,1,75.2
976,Male,24,2.7,67.8,46.2,0,6.6,6.3,0.9,Yes,High,Graduate,25.3,8,6,37.5
977,Male,18,7.7,67.1,65.3,14,8.6,1.1,2.0,No,High,Graduate,16.1,8,7,74.4
978,Female,20,5.7,67.2,76.5,9,7.9,1.1,4.2,Yes,High,Graduate,29.3,2,4,67.4
979,Female,21,0.5,98.1,55.6,17,6.4,3.4,3.6,No,High,High School,19.2,3,2,54.4
980,Female,22,5.5,98.2,70.6,11,4.9,4.3,1.8,No,Low,Postgraduate,10.7,4,6,63.5
981,Male,18,2.2,98.1,36.0,2,5.0,7.3,2.0,No,High,High School,7.4,1,4,34.7
982,Male,22,2.1,71.7,37.3,0,8.6,3.9,6.9,Yes,High,High School,3.7,10,8,37.3
983,Male,23,2.4,81.9,82.0,7,4.7,5.8,4.0,No,Low,High School,15.6,1,8,48.9
984,Male,21,2.2,80.9,35.0,11,8.7,6.3,4.1,Yes,Low,High School,7.8,3,1,48.3
985,Male,20,0.8,63.1,87.1,6,5.1,4.2,4.8,No,High,Graduate,25.2,4,10,33.7
986,Female,18,3.7,86.0,87.5,5,6.6,1.1,2.9,Yes,Low,High School,3.1,9,3,69.4
987,Female,24,3.6,74.6,79.1,5,5.7,4.6,4.1,Yes,High,Postgraduate,20.2,9,10,58.9
988,Female,24,2.1,75.2,45.8,14,5.8,2.8,1.9,Yes,High,High School,24.1,1,4,43.6
989,Male,20,1.5,57.4,81.4,17,8.8,1.8,3.6,Yes,Low,High School,15.7,10,3,59.0
990,Male,17,5.1,94.8,50.2,17,4.9,4.7,1.1,No,Medium,High School,5.1,5,6,67.1
991,Female,24,6.4,86.4,40.6,4,7.3,1.5,5.2,Yes,High,Graduate,29.8,9,2,67.5
992,Male,18,3.0,56.5,35.7,0,8.0,5.8,6.1,Yes,Medium,High School,13.7,1,2,28.5
993,Male,21,7.2,84.1,38.6,20,7.9,5.2,5.2,No,Medium,High School,3.5,6,6,72.7
994,Female,17,6.6,82.0,71.3,15,5.8,4.7,5.5,No,Medium,Graduate,2.2,3,3,78.4
995,Female,19,3.8,56.2,72.8,0,7.5,7.2,3.0,No,Medium,Postgraduate,4.6,6,2,50.1
996,Male,17,3.6,90.9,67.2,10,6.2,1.3,2.5,No,Low,Graduate,7.0,3,10,50.7
997,Male,21,3.6,93.5,70.2,19,6.1,8.0,5.5,Yes,Low,Graduate,8.3,9,3,71.4
998,Female,20,4.5,95.1,92.7,0,5.7,6.1,6.8,Yes,Medium,Postgraduate,23.2,3,9,58.2
999,Female,23,4.5,57.9,51.9,4,7.5,2.0,3.1,No,Low,High School,8.0,5,3,50.4
1000,Male,23,3.6,87.3,58.2,16,6.4,1.7,6.7,No,High,Graduate,5.5,5,2,63.1
1001,Male,21,7.6,71.8,53.3,1,5.3,6.5,5.2,Yes,High,High School,20.4,6,6,60.7
1002,Female,20,4.0,68.8,84.9,9,6.8,7.7,3.9,Yes,Medium,Graduate,22.0,1,4,60.2
1003,Male,20,1.5,82.5,78.9,10,4.7,5.8,0.9,No,Low,Postgraduate,8.5,5,4,50.1
1004,Male,17,2.9,86.9,59.9,7,8.1,6.6,1.1,Yes,Low,Postgraduate,3.7,10,8,54.4
1005,Female,22,5.6,77.2,43.5,20,6.0,2.6,6.2,No,Low,Graduate,28.9,1,2,69.6
1006,Female,23,6.9,90.1,80.4,16,8.5,1.1,1.7,Yes,High,High School,25.3,1,1,83.1
1007,Female,17,4.4,55.6,78.4,10,6.6,5.9,2.2,Yes,Medium,Graduate,18.7,5,10,50.6
1008,Female,20,3.1,94.9,39.8,19,4.8,1.9,3.9,Yes,Medium,Postgraduate,14.8,10,5,60.2
1009,Male,18,6.8,81.4,82.7,13,5.4,6.7,1.5,Yes,Medium,Graduate,10.7,4,10,72.8
1010,Female,20,3.6,59.2,93.8,9,5.1,4.8,6.6,No,Medium,Graduate,13.6,1,6,53.8
1011,Male,20,6.4,57.1,78.7,3,7.9,4.0,6.0,No,Medium,Graduate,26.7,1,4,61.0
1012,Male,21,1.2,94.2,36.7,4,7.6,1.5,6.6,No,Medium,High School,24.7,4,2,41.2
1013,Female,21,4.3,63.3,71.0,15,7.3,4.4,5.5,Yes,Low,High School,9.8,3,10,51.5
1014,Male,20,4.7,90.7,97.1,6,6.0,2.7,6.1,Yes,High,Graduate,18.8,9,9,64.4
1015,Female,21,1.4,59.6,58.3,0,7.2,1.3,2.9,Yes,Low,Postgraduate,29.9,10,10,36.0
1016,Female,24,7.9,81.2,45.4,19,7.7,5.4,4.6,Yes,High,Graduate,5.2,10,10,81.3
1017,Male,19,6.4,81.1,75.1,18,5.6,3.3,1.2,Yes,Low,High School,25.3,1,9,73.9
1018,Female,19,6.6,65.0,84.2,13,6.3,4.9,6.6,No,High,High School,14.3,7,10,72.3
1019,Female,22,3.6,95.1,75.4,5,7.9,3.2,6.6,Yes,High,High School,20.1,4,9,52.0
1020,Female,22,4.7,55.8,86.6,9,8.2,7.3,6.7,Yes,High,High School,12.8,2,3,63.4
1021,Male,17,6.2,79.5,44.2,8,4.9,4.9,4.2,No,Medium,High School,20.5,6,7,60.0
1022,Female,23,5.6,61.6,47.0,16,5.9,3.4,6.5,Yes,Low,Postgraduate,24.1,2,5,60.8
1023,Female,23,2.8,77.9,74.4,1,8.3,6.8,1.6,No,Low,High School,4.4,4,1,46.3
1024,Female,17,7.8,72.4,47.7,2,7.5,6.7,2.7,No,Low,Graduate,19.3,1,1,65.5
1025,Male,17,1.0,88.2,38.4,13,8.0,7.0,3.9,No,Low,Postgraduate,9.1,10,8,47.1
1026,Female,19,0.6,77.3,62.9,9,6.3,1.4,6.6,Yes,Medium,High School,17.1,3,7,38.9
1027,Female,17,1.2,94.3,80.7,15,8.7,7.5,6.9,No,High,Postgraduate,16.5,10,10,52.7
1028,Female,18,1.0,63.8,47.8,7,4.9,1.9,6.6,No,High,High School,14.5,6,3,33.9
1029,Female,19,2.0,99.8,92.2,3,4.9,2.1,3.0,No,Medium,Postgraduate,17.6,4,7,48.8
1030,Male,22,3.1,60.5,48.7,2,8.5,4.8,2.5,Yes,Low,Graduate,9.5,10,1,52.5
1031,Male,19,0.8,91.8,62.2,9,9.0,2.7,1.8,No,High,Graduate,20.4,5,2,48.2
1032,Male,20,1.8,63.4,35.9,5,7.4,7.1,6.3,No,High,Graduate,6.0,10,9,37.3
1033,Male,19,4.6,88.1,66.0,19,6.5,6.3,6.1,No,Medium,High School,10.8,4,9,61.6
1034,Male,24,4.8,75.2,81.5,15,8.0,5.1,5.2,No,High,High School,12.7,7,7,71.7
1035,Male,19,7.5,65.6,60.5,4,8.4,1.1,5.5,Yes,High,Graduate,10.5,7,9,57.7
1036,Male,18,1.7,99.6,77.8,11,4.6,3.3,6.9,Yes,Low,Postgraduate,5.0,2,5,49.8
1037,Female,17,4.8,98.6,82.6,1,7.0,4.7,4.9,Yes,Low,High School,25.7,4,7,59.6
1038,Female,19,6.5,97.8,78.6,7,7.5,4.8,6.8,No,High,Graduate,25.5,10,5,77.8
1039,Female,18,5.1,79.9,39.2,2,5.8,4.2,4.0,No,Low,High School,27.0,8,1,59.0
1040,Female,24,3.5,72.6,47.3,5,4.6,5.3,2.3,No,Medium,Postgraduate,5.3,2,10,31.6
1041,Male,22,5.2,96.2,66.9,4,8.3,1.9,3.9,Yes,Medium,Postgraduate,6.4,4,8,62.4
1042,Female,24,5.2,65.7,38.3,8,8.5,5.6,6.1,Yes,Low,Postgraduate,4.6,7,7,53.1
1043,Female,20,2.6,79.4,84.0,10,8.3,2.9,1.7,Yes,Medium,Postgraduate,9.5,9,7,60.4
1044,Male,22,5.3,83.5,43.4,17,7.8,6.9,5.6,No,Low,Graduate,3.3,4,4,64.5
1045,Male,23,5.6,69.8,68.6,10,7.8,7.5,1.7,Yes,High,High School,11.0,6,7,60.5
1046,Female,22,5.1,85.9,41.4,16,5.0,6.0,2.9,Yes,High,Graduate,22.9,1,8,55.0
1047,Male,24,6.3,67.9,51.5,0,5.4,5.4,1.3,No,Low,High School,6.8,9,10,48.5
1048,Male,22,6.7,70.0,49.9,1,4.9,3.5,3.1,No,Low,High School,7.3,2,6,48.7
1049,Female,17,1.8,82.9,48.5,13,6.6,6.9,3.9,Yes,High,Graduate,28.6,4,7,44.3
1050,Male,24,1.6,93.9,85.6,9,8.8,6.5,0.7,Yes,High,Postgraduate,25.2,6,3,59.2
1051,Male,22,6.2,55.3,57.7,7,8.3,4.7,6.1,No,Medium,High School,28.7,6,7,53.1
1052,Female,21,7.0,81.3,61.2,14,6.9,3.0,6.1,No,High,Postgraduate,13.2,3,8,69.2
1053,Female,22,3.2,94.0,84.6,19,5.8,4.5,2.5,Yes,Low,High School,26.6,10,2,85.6
1054,Male,22,0.8,91.1,58.5,7,7.1,7.1,1.0,No,Low,High School,1.2,4,3,45.4
1055,Female,23,3.0,56.5,47.9,20,6.4,6.2,4.9,No,Low,Graduate,28.9,5,5,51.9
1056,Male,22,5.7,97.1,61.7,20,8.0,6.0,2.4,Yes,Medium,Graduate,7.1,7,3,84.3
1057,Male,20,7.7,78.7,85.7,5,7.7,6.7,1.2,Yes,High,High School,19.2,3,4,77.6
1058,Male,19,5.2,57.7,81.5,2,6.8,3.9,3.7,No,Medium,Postgraduate,21.5,4,9,51.4
1059,Female,19,5.5,63.0,46.4,11,6.7,3.2,5.4,No,Low,Postgraduate,28.3,6,9,54.9
1060,Male,24,2.9,82.8,67.2,14,6.2,5.6,2.1,Yes,High,Graduate,6.1,2,7,48.7
1061,Male,20,3.9,64.7,62.9,6,8.7,5.6,6.8,No,Low,High School,22.3,1,6,40.5
1062,Male,20,6.5,84.6,71.9,20,5.9,4.9,1.4,No,High,Graduate,8.7,3,6,79.2
1063,Female,24,1.4,87.6,64.2,15,5.5,6.7,2.4,Yes,Low,Graduate,18.5,1,10,41.7
1064,Female,18,6.9,81.2,35.2,18,5.3,1.5,0.9,Yes,Medium,Postgraduate,27.0,4,10,62.9
1065,Female,17,3.0,81.1,70.2,16,5.6,2.0,5.8,Yes,Low,High School,26.6,2,3,62.0
1066,Female,22,2.5,79.9,73.2,14,6.8,4.5,4.2,Yes,Low,Postgraduate,16.5,6,4,62.6
1067,Female,18,7.4,90.9,93.1,1,5.4,2.9,2.5,No,Low,Graduate,25.2,7,2,83.7
1068,Male,21,1.7,64.5,80.9,2,4.6,2.0,4.3,Yes,Medium,Graduate,20.0,10,6,49.1
1069,Female,18,6.0,63.7,73.6,6,8.6,5.0,6.9,Yes,Low,Graduate,2.4,2,4,60.5
1070,Male,17,1.6,61.8,48.1,3,8.4,7.5,6.7,Yes,High,Postgraduate,20.5,7,8,34.2
1071,Female,20,1.4,72.2,41.6,5,4.7,5.3,0.7,Yes,High,Postgraduate,22.2,3,6,32.8
1072,Female,19,0.8,80.7,62.2,10,5.4,1.1,1.7,Yes,Low,Graduate,1.7,5,9,36.3
1073,Female,19,4.7,72.8,68.1,10,8.4,5.0,2.6,Yes,High,High School,21.3,3,3,62.2
1074,Male,24,3.3,98.5,80.5,2,8.1,6.2,0.5,Yes,Low,High School,29.1,4,10,50.7
1075,Female,18,1.4,67.4,61.7,11,7.0,4.8,3.0,Yes,Low,High School,29.7,3,4,47.9
1076,Female,18,7.5,74.0,57.8,5,6.7,4.9,2.3,No,Medium,Postgraduate,1.6,3,10,59.3
1077,Female,17,2.2,60.7,52.7,20,8.8,1.7,2.6,Yes,Low,High School,1.5,3,1,52.6
1078,Female,22,3.2,95.7,95.3,18,8.6,5.5,2.9,No,Medium,Graduate,25.5,5,10,64.2
1079,Male,18,7.6,66.3,88.0,4,8.3,2.8,3.3,Yes,Low,High School,24.4,2,1,73.9
1080,Male,18,6.0,73.6,49.5,14,6.3,6.3,1.1,No,Medium,High School,5.3,3,7,61.0
1081,Female,20,0.7,87.4,96.4,1,6.6,2.4,0.8,No,Low,High School,24.6,8,2,51.4
1082,Female,19,2.7,98.6,95.1,15,5.9,6.6,1.6,No,High,Postgraduate,20.6,4,1,68.1
1083,Male,24,3.9,86.7,72.6,15,4.6,1.8,0.5,No,Medium,Graduate,13.7,4,4,66.4
1084,Female,23,1.6,70.9,39.0,7,8.2,5.9,3.6,No,Low,Graduate,29.0,1,1,41.6
1085,Female,20,5.2,56.1,39.3,3,4.7,5.1,4.8,Yes,High,Postgraduate,23.0,2,5,36.6
1086,Male,21,6.9,83.4,52.0,0,5.9,5.7,5.1,No,Medium,Postgraduate,16.3,6,3,57.1
1087,Female,18,4.2,65.1,39.1,14,7.2,5.8,5.8,No,Medium,High School,5.3,7,10,49.6
1088,Female,18,4.1,97.9,65.6,18,5.7,2.6,1.6,No,Low,High School,21.6,6,7,65.7
1089,Female,17,7.3,62.4,62.1,4,4.6,4.3,3.9,Yes,High,Postgraduate,20.1,9,3,65.5
1090,Female,19,5.2,84.7,51.3,17,8.7,6.6,2.0,Yes,Low,Graduate,28.9,10,10,67.9
1091,Female,21,6.0,79.2,74.4,9,8.7,4.6,5.8,Yes,Low,High School,14.1,2,9,63.9
1092,Male,17,7.1,71.0,67.3,7,7.1,4.1,3.8,No,High,High School,13.1,8,1,76.6
1093,Male,19,2.9,85.0,87.2,5,8.3,3.7,1.1,No,High,Postgraduate,8.8,10,7,56.6
1094,Female,20,1.7,85.2,70.3,16,5.2,6.1,3.0,Yes,Medium,High School,23.9,8,1,62.4
1095,Female,22,3.7,71.0,37.8,17,7.4,2.2,2.3,Yes,Medium,Postgraduate,24.1,9,9,52.3
1096,Male,21,6.5,85.2,60.1,9,7.4,7.2,6.5,No,Low,Graduate,14.1,5,10,59.6
1097,Female,21,2.8,57.9,35.7,17,6.0,3.7,1.5,Yes,Low,Postgraduate,29.1,6,10,46.3
1098,Female,24,7.7,90.0,51.8,12,6.9,4.5,4.5,Yes,High,Graduate,18.5,7,3,83.4
1099,Male,20,1.0,56.0,87.5,2,5.8,2.5,5.9,No,Low,High School,7.2,10,4,45.4
1100,Male,19,5.9,95.2,56.5,7,4.7,2.8,4.1,No,Medium,Graduate,15.4,2,7,56.2
1101,Male,24,2.5,82.7,62.0,20,4.6,2.4,2.4,No,High,High School,23.4,1,10,49.2
1102,Male,18,1.5,66.6,68.9,17,7.3,4.8,6.7,No,Low,Graduate,8.9,1,7,44.1
1103,Male,23,4.4,99.8,84.6,10,7.3,7.4,4.6,No,Medium,Postgraduate,12.1,5,9,64.0
1104,Male,19,2.8,95.2,40.7,10,7.1,7.9,5.7,Yes,High,Graduate,29.8,1,2,43.3
1105,Female,20,2.3,96.8,91.0,1,6.1,1.5,1.0,No,Medium,High School,12.9,1,4,53.6
1106,Female,19,5.8,60.7,67.4,8,6.0,5.2,3.0,No,High,Postgraduate,8.3,1,1,56.7
1107,Male,22,0.9,96.4,97.9,8,8.0,6.2,4.1,No,Medium,High School,1.4,7,7,56.3
1108,Female,22,6.4,69.0,61.7,11,6.7,4.1,4.0,Yes,Low,Postgraduate,24.4,1,10,56.2
1109,Female,21,0.7,60.9,89.0,11,5.7,3.8,3.0,Yes,Low,Graduate,19.3,3,3,51.7
1110,Female,19,5.0,70.6,93.3,0,7.6,5.7,1.5,No,Medium,Graduate,21.1,3,2,58.0
1111,Female,23,4.1,73.1,83.1,19,4.8,1.2,1.0,Yes,Low,Postgraduate,1.4,5,2,69.8
1112,Female,24,4.1,78.2,60.0,15,9.0,1.9,6.2,Yes,Medium,Graduate,4.9,3,10,53.6
1113,Female,20,5.9,90.7,88.7,20,8.2,1.5,5.2,No,Medium,High School,13.5,3,1,82.6
1114,Male,21,5.7,87.8,89.6,17,4.7,4.9,6.8,Yes,Low,Postgraduate,17.2,3,6,79.2
1115,Female,21,6.1,77.7,90.4,11,8.1,7.9,2.2,No,Medium,Postgraduate,5.2,1,7,65.9
1116,Female,18,2.0,94.6,42.0,6,5.2,6.0,3.4,No,Medium,Graduate,23.2,9,10,44.7
1117,Male,18,2.3,68.2,75.4,5,6.7,1.2,6.1,No,Medium,Postgraduate,1.4,9,9,45.8
1118,Male,22,4.6,91.1,39.2,12,8.8,6.8,2.2,Yes,Medium,Postgraduate,26.9,4,1,60.1
1119,Female,24,3.0,65.3,54.3,1,8.4,7.0,5.6,No,High,Graduate,15.9,2,9,27.5
1120,Male,22,1.0,74.1,97.3,8,5.6,7.4,6.7,Yes,Medium,Postgraduate,19.0,5,5,49.9
1121,Male,19,3.9,90.3,41.8,20,7.6,6.3,5.7,No,High,Postgraduate,20.2,6,4,65.4
1122,Female,24,7.1,88.1,85.6,18,7.1,7.9,3.9,Yes,Medium,High School,9.0,3,10,74.1
1123,Male,21,3.9,61.2,58.7,1,8.1,7.0,6.9,Yes,Low,Postgraduate,19.8,9,7,47.9
1124,Male,20,4.9,62.3,49.8,18,8.1,2.1,1.2,Yes,High,Postgraduate,27.8,9,8,59.2
1125,Male,18,5.8,80.1,48.4,4,5.0,6.7,0.6,No,Medium,Graduate,12.0,4,3,60.8
1126,Male,21,0.8,56.3,88.0,19,7.5,4.9,5.7,Yes,Medium,Graduate,24.1,8,7,52.2
1127,Male,24,2.7,96.3,49.8,17,5.8,3.2,2.1,No,Medium,Postgraduate,19.6,2,10,49.4
1128,Male,24,2.0,68.9,89.6,18,5.9,5.7,1.1,No,Low,High School,11.7,1,4,61.2
1129,Female,23,6.6,97.5,95.0,18,6.2,6.8,2.7,No,Low,High School,1.4,1,7,80.9
1130,Female,22,5.4,96.2,53.8,2,7.7,5.9,6.3,Yes,Medium,Postgraduate,24.7,4,5,49.6
1131,Male,21,7.4,67.1,74.0,1,6.9,1.1,5.5,Yes,Medium,Postgraduate,22.0,4,7,60.0
1132,Male,24,4.7,73.2,59.5,14,8.0,4.7,4.0,No,High,High School,11.6,9,9,63.3
1133,Male,18,3.3,81.6,46.4,14,8.3,5.0,6.3,Yes,Medium,Postgraduate,23.2,1,10,40.1
1134,Male,22,3.2,93.2,74.8,18,7.0,7.1,3.0,Yes,Low,Graduate,11.5,5,2,71.7
1135,Male,18,4.3,98.7,42.4,15,6.6,5.9,4.9,Yes,High,Postgraduate,24.1,3,8,53.3
1136,Female,22,5.3,61.5,40.8,18,6.3,2.0,2.2,Yes,Medium,High School,24.5,3,3,62.3
1137,Male,22,7.1,96.1,51.7,11,5.7,1.9,5.9,No,High,High School,1.1,6,5,70.6
1138,Male,22,4.8,60.7,89.8,15,8.2,6.0,0.6,No,Medium,High School,14.3,1,2,70.1
1139,Female,17,2.1,61.1,88.4,15,9.0,4.5,6.5,Yes,Low,Graduate,16.1,10,6,65.6
1140,Female,17,7.6,91.8,46.5,8,7.7,2.7,1.4,No,Low,High School,23.8,7,2,73.8
1141,Male,18,7.6,83.9,82.4,1,4.9,5.0,6.8,No,Low,Graduate,3.3,10,3,80.6
1142,Female,22,7.1,88.5,49.3,14,4.7,5.0,1.8,Yes,Low,Graduate,8.4,1,8,59.5
1143,Male,24,5.8,99.5,40.5,16,7.1,3.2,5.1,No,High,Postgraduate,17.6,5,4,71.9
1144,Male,24,7.0,73.5,43.3,8,5.8,4.3,1.3,Yes,Medium,Postgraduate,3.4,2,10,56.3
1145,Male,18,7.3,87.6,39.5,8,6.0,2.1,5.5,No,Medium,High School,29.2,10,7,65.2
1146,Female,21,6.4,87.8,62.6,16,7.9,6.8,2.7,No,Low,Postgraduate,13.4,3,7,70.8
1147,Female,20,2.0,79.7,97.4,8,8.5,7.5,3.8,No,High,Graduate,12.8,9,5,67.2
1148,Female,22,1.5,57.1,56.0,14,8.2,7.5,5.1,Yes,Medium,Graduate,5.6,7,6,45.4
1149,Female,17,4.7,87.8,35.6,1,6.9,3.3,5.5,Yes,Low,High School,28.6,2,1,46.6
1150,Female,23,8.0,75.8,67.0,12,4.9,7.9,0.6,Yes,High,Postgraduate,6.1,6,5,79.9
1151,Male,19,5.3,73.3,74.1,7,5.9,7.4,2.2,Yes,Medium,Graduate,23.8,2,3,66.6
1152,Female,20,7.3,71.1,95.6,0,5.2,3.9,5.8,Yes,Medium,Postgraduate,20.9,1,2,65.9
1153,Male,19,4.9,74.8,91.1,10,4.6,3.0,6.7,No,High,Postgraduate,2.4,8,2,75.8
1154,Female,21,3.2,88.4,77.5,20,4.6,2.6,5.4,Yes,Medium,Postgraduate,1.4,2,1,63.6
1155,Female,18,5.7,81.1,35.2,11,5.1,1.2,1.9,Yes,High,Graduate,19.2,1,9,50.3
1156,Male,22,7.3,98.0,97.4,10,8.5,5.3,1.6,No,Low,High School,11.5,9,6,87.2
1157,Male,18,1.0,57.7,95.7,18,8.7,1.1,0.6,No,High,Graduate,14.8,10,7,66.3
1158,Female,21,0.8,86.3,50.2,15,6.8,5.9,1.3,No,Low,High School,1.1,4,4,47.6
1159,Male,23,4.2,72.0,88.4,5,6.0,1.1,1.5,No,Medium,High School,27.1,6,1,61.7
1160,Male,21,1.9,59.8,68.8,5,7.1,5.4,4.8,No,Low,High School,1.4,10,3,47.8
1161,Female,20,6.4,80.7,75.5,13,8.3,1.3,2.1,Yes,Low,High School,3.6,9,9,79.3
1162,Female,22,3.4,64.9,43.6,0,5.8,5.7,6.7,Yes,Low,High School,18.2,8,6,41.8
1163,Male,24,5.0,74.1,45.6,1,5.5,6.9,3.2,No,Medium,Postgraduate,6.4,3,1,54.4
1164,Male,19,2.4,99.2,91.1,19,5.1,7.4,1.2,Yes,Medium,Postgraduate,28.8,6,3,71.3
1165,Female,17,1.2,90.8,80.7,5,4.8,7.3,3.9,No,High,High School,13.6,2,9,41.0
1166,Female,19,6.3,77.6,48.3,11,6.0,4.9,5.2,Yes,Medium,Postgraduate,16.0,6,10,61.7
1167,Female,19,5.8,88.8,83.7,7,6.7,6.4,5.0,No,Low,Postgraduate,9.0,4,2,72.5
1168,Male,20,7.7,69.0,38.4,3,9.0,2.0,5.2,No,High,High School,19.1,8,3,58.7
1169,Male,18,6.8,65.3,76.7,4,4.8,1.6,2.3,No,Medium,Postgraduate,18.5,5,4,68.6
1170,Male,20,2.0,55.5,43.0,20,7.8,1.9,4.6,Yes,Low,Postgraduate,13.7,1,5,48.1
1171,Female,17,3.2,96.9,78.8,3,5.6,6.0,0.8,No,Medium,Graduate,6.7,3,9,45.3
1172,Male,20,5.6,92.1,56.7,19,5.5,6.8,3.5,Yes,Low,Postgraduate,1.7,6,7,76.6
1173,Male,18,1.7,81.9,61.2,2,6.6,3.6,4.5,Yes,Medium,High School,25.4,3,10,35.6
1174,Male,17,6.1,92.0,39.2,12,6.3,2.1,1.0,No,Medium,Postgraduate,26.7,4,2,65.8
1175,Male,18,7.8,73.8,96.1,12,6.6,6.3,6.3,No,Medium,Graduate,2.8,7,4,88.1
1176,Male,20,4.9,90.0,84.3,9,7.5,4.1,3.3,No,Medium,High School,9.8,4,5,68.8
1177,Female,20,5.0,62.5,47.0,5,6.2,4.0,5.9,No,High,High School,27.7,2,5,50.2
1178,Female,18,6.0,97.3,70.0,10,5.7,2.1,4.9,No,Low,Postgraduate,8.0,9,1,80.7
1179,Male,21,2.8,91.9,40.3,19,7.1,3.7,1.9,No,Low,Graduate,20.3,9,6,63.9
1180,Female,24,3.2,65.6,50.5,6,8.8,1.2,5.0,No,Low,Graduate,29.4,2,2,46.4
1181,Female,22,2.5,93.9,84.0,12,8.6,4.9,2.2,Yes,Medium,High School,13.7,6,8,59.1
1182,Female,19,4.7,99.6,52.1,12,8.7,5.2,3.8,Yes,Low,Graduate,9.3,2,7,54.8
1183,Female,19,0.7,86.4,35.5,10,8.7,7.6,6.5,No,High,High School,10.4,5,9,27.7
1184,Female,18,7.5,80.9,60.0,14,5.3,7.0,2.1,No,Low,Graduate,4.6,8,5,75.7
1185,Female,22,6.6,57.4,77.1,8,7.4,5.1,2.1,No,Low,Postgraduate,24.5,3,7,65.9
1186,Male,24,3.9,73.6,76.4,14,5.5,7.7,4.9,No,Low,High School,28.0,1,1,63.4
1187,Female,21,1.1,87.8,63.1,17,5.8,2.1,2.9,No,High,Postgraduate,26.8,5,3,55.4
1188,Male,20,4.2,60.1,47.2,5,8.4,7.5,4.9,No,Medium,Graduate,4.8,9,7,51.6
1189,Female,18,3.7,85.7,60.6,6,6.6,1.8,6.4,Yes,Medium,Graduate,19.8,1,6,49.4
1190,Female,20,5.4,57.1,36.6,4,6.7,5.8,5.2,Yes,Medium,High School,18.5,2,5,39.7
1191,Male,20,2.2,80.8,84.9,6,7.9,4.7,4.6,Yes,Low,Graduate,19.1,2,8,51.1
1192,Female,19,3.1,61.9,83.9,5,8.6,1.2,4.7,No,High,Graduate,25.0,10,8,57.7
1193,Male,19,6.9,85.7,92.3,4,5.3,5.5,5.5,Yes,Medium,Graduate,25.7,8,4,79.8
1194,Male,24,5.7,92.3,84.2,7,8.0,2.6,2.0,No,Low,High School,17.0,7,2,76.7
1195,Male,17,3.9,78.0,59.5,15,8.0,1.8,3.8,No,Low,High School,12.5,3,4,58.6
1196,Female,23,3.2,93.0,86.9,17,5.5,7.7,4.9,No,High,Graduate,23.6,3,2,75.2
1197,Male,18,4.1,69.6,82.5,4,5.2,7.9,6.8,No,Medium,High School,11.0,3,3,59.0
1198,Female,20,7.9,93.6,70.7,20,8.4,2.3,6.7,No,High,High School,27.1,7,1,92.0
1199,Female,24,2.3,95.4,84.8,15,8.4,2.7,6.1,No,Low,High School,1.2,2,9,50.7
1200,Female,19,5.5,65.3,70.2,9,8.0,5.6,2.6,No,High,High School,15.8,1,2,58.8
1201,Female,21,2.7,73.0,71.0,15,7.5,3.7,2.5,Yes,Low,Postgraduate,20.1,5,8,50.5
1202,Male,23,3.3,74.3,80.4,2,4.8,6.4,4.9,Yes,High,Graduate,14.1,6,7,47.4
1203,Female,18,4.2,91.2,38.8,0,8.2,1.1,1.6,Yes,High,Postgraduate,3.6,3,1,43.1
1204,Female,20,2.8,97.3,71.0,13,8.6,5.3,3.5,Yes,Low,Graduate,15.2,10,8,63.1
1205,Female,23,4.1,58.6,72.9,5,5.1,5.6,4.9,No,Low,Postgraduate,28.1,1,8,48.6
1206,Male,22,7.6,85.8,91.7,9,5.4,5.2,4.6,Yes,Low,High School,5.2,7,6,80.5
1207,Female,24,1.7,81.4,57.2,0,8.0,4.4,3.0,Yes,High,High School,1.0,5,10,34.2
1208,Female,21,3.7,80.3,59.9,9,7.0,6.3,3.7,Yes,Medium,High School,12.2,5,10,49.3
1209,Female,21,3.1,86.1,37.1,10,4.6,3.8,2.8,No,High,High School,28.9,4,8,40.0
1210,Female,24,3.8,59.9,75.0,20,6.1,5.0,3.0,Yes,Low,Graduate,11.1,6,4,64.0
1211,Female,23,1.7,62.2,61.1,6,6.4,2.6,1.0,No,Medium,Graduate,20.1,6,10,34.9
1212,Female,20,2.4,98.8,82.5,9,7.9,3.2,2.2,Yes,High,Graduate,9.0,2,5,57.1
1213,Male,22,3.9,65.2,90.5,13,5.7,4.7,4.9,No,Low,Postgraduate,22.0,9,3,68.5
1214,Male,17,5.9,64.8,71.3,17,7.4,7.2,4.3,No,Low,High School,21.0,5,2,72.8
1215,Female,19,1.4,76.5,37.7,10,5.9,7.0,2.8,Yes,Low,High School,1.3,5,7,36.2
1216,Male,22,2.8,80.5,88.4,12,8.7,2.0,4.5,Yes,Low,High School,6.9,10,1,75.6
1217,Female,17,7.0,70.0,59.8,11,6.9,5.2,1.7,No,Low,Postgraduate,18.7,10,6,75.3
1218,Female,17,7.6,66.7,57.7,9,5.4,5.9,3.1,Yes,Medium,High School,6.5,4,2,66.4
1219,Male,17,3.6,97.0,81.7,1,8.4,2.4,3.5,No,Low,Postgraduate,14.1,3,5,53.5
1220,Male,21,4.8,77.7,78.7,12,8.0,4.8,0.7,No,High,High School,5.4,9,6,73.3
1221,Female,17,6.5,59.0,76.7,15,6.5,3.0,3.5,Yes,Low,Postgraduate,24.0,4,1,74.6
1222,Male,20,6.8,97.6,45.3,17,7.2,3.0,3.0,Yes,Low,Postgraduate,29.8,3,8,71.4
1223,Male,20,5.2,65.5,43.6,4,6.0,5.0,1.2,No,Medium,Graduate,13.8,4,1,50.4
1224,Female,22,6.0,60.5,91.8,14,6.1,6.7,3.3,Yes,High,High School,6.0,7,3,82.3
1225,Male,20,5.3,64.5,39.9,5,8.6,6.1,4.1,No,High,High School,2.4,5,8,43.4
1226,Male,19,4.6,75.6,94.6,18,8.1,6.6,6.5,Yes,Medium,High School,26.6,1,2,72.4
1227,Female,22,0.9,91.6,80.5,8,7.5,4.8,5.2,No,Medium,High School,19.0,2,8,44.2
1228,Female,19,6.7,97.1,46.5,8,4.7,3.5,4.0,No,High,High School,6.2,9,8,63.6
1229,Male,20,2.9,56.8,95.2,10,6.2,6.3,2.3,No,Low,Postgraduate,6.4,5,9,56.4
1230,Male,20,4.8,97.3,85.0,3,5.1,1.6,0.8,No,High,Postgraduate,13.1,9,8,70.4
1231,Male,19,7.4,82.6,77.2,2,6.5,1.3,5.9,No,Low,Postgraduate,29.2,5,1,75.9
1232,Female,23,5.1,86.3,46.2,10,7.8,7.3,1.2,No,Low,High School,17.2,2,3,54.7
1233,Female,20,1.9,56.0,89.0,4,5.1,3.6,2.9,Yes,High,Postgraduate,1.0,6,5,48.8
1234,Female,22,4.5,63.8,96.5,9,5.9,7.1,5.9,Yes,Medium,Graduate,1.6,5,9,63.7
1235,Female,24,1.7,93.7,73.7,12,7.9,5.8,1.0,No,High,Postgraduate,27.2,6,4,61.1
1236,Male,19,3.5,83.6,48.2,19,7.8,3.9,2.2,No,High,High School,1.5,8,8,60.9
1237,Female,18,1.1,73.0,69.2,4,8.1,1.9,4.8,Yes,Medium,Graduate,7.3,10,3,45.4
1238,Female,19,1.6,69.3,82.7,18,6.3,4.1,3.5,Yes,Medium,Graduate,3.2,3,7,51.2
1239,Male,17,5.5,83.1,36.7,17,6.0,2.4,5.2,No,High,Postgraduate,25.7,4,9,60.3
1240,Female,18,2.2,93.5,39.0,20,4.9,7.0,1.1,No,High,High School,26.2,3,2,54.5
1241,Male,23,4.6,79.1,97.5,9,8.5,1.7,4.3,No,Medium,High School,25.3,9,6,70.6
1242,Female,22,5.6,56.9,59.5,18,8.7,7.4,3.7,No,High,Graduate,9.2,9,8,66.1
1243,Female,19,7.0,88.7,83.8,3,7.2,6.1,1.9,Yes,Low,High School,6.3,3,2,74.0
1244,Male,18,2.8,57.9,52.9,19,5.6,2.5,6.8,No,High,Graduate,5.4,5,8,53.7
1245,Male,17,6.2,81.5,72.4,19,5.7,5.8,1.1,Yes,Low,Graduate,13.2,3,9,73.8
1246,Female,20,0.7,86.0,45.6,0,4.8,3.4,1.8,Yes,Low,Graduate,19.3,3,9,22.6
1247,Female,19,2.9,63.1,50.4,16,8.5,4.8,0.5,Yes,Low,Graduate,12.5,6,9,51.2
1248,Female,20,5.7,62.4,63.8,13,8.7,7.0,1.7,Yes,Medium,Graduate,27.1,9,4,75.0
1249,Male,20,1.1,70.1,42.2,20,8.8,7.4,5.4,No,High,Graduate,29.0,7,3,50.2
1250,Male,22,1.3,98.8,47.0,16,8.1,2.4,2.0,Yes,Medium,Postgraduate,18.4,10,3,55.5
1251,Female,19,6.9,78.8,55.5,0,6.3,7.3,3.7,Yes,High,Postgraduate,16.2,2,1,59.2
1252,Male,22,6.9,91.6,50.6,2,7.3,4.3,3.4,No,High,Postgraduate,19.7,7,2,67.2
1253,Female,23,4.6,68.5,76.6,5,7.8,1.1,5.2,Yes,High,Graduate,17.7,3,7,51.4
1254,Female,23,1.2,69.6,47.9,19,6.8,5.0,6.7,Yes,Medium,Postgraduate,9.6,6,6,44.0
1255,Female,18,1.5,93.8,36.4,8,7.3,2.0,4.5,No,High,Postgraduate,12.5,7,10,42.5
1256,Female,23,0.7,55.2,84.3,14,5.9,5.8,2.2,No,Low,Postgraduate,6.6,6,10,48.8
1257,Male,23,5.1,77.7,54.0,13,6.6,3.0,3.5,No,High,Postgraduate,1.8,6,4,64.0
1258,Male,19,2.7,55.4,73.1,20,6.8,3.8,0.6,No,Low,Graduate,2.1,3,2,64.5
1259,Male,17,3.5,79.9,91.8,0,8.3,2.3,4.0,Yes,High,High School,10.6,5,6,54.4
1260,Male,17,2.8,91.7,69.7,19,7.2,4.3,5.9,Yes,Medium,Graduate,27.5,2,9,54.5
1261,Male,22,0.9,64.6,77.8,12,7.9,3.8,4.3,No,Medium,High School,17.2,10,6,54.6
1262,Female,17,6.3,63.6,62.6,17,7.5,7.3,2.4,Yes,High,Graduate,5.7,8,10,64.9
1263,Female,21,7.1,91.2,37.0,20,7.9,4.0,6.3,No,Low,Postgraduate,18.3,2,1,71.6
1264,Male,23,0.8,76.8,76.9,13,7.0,7.5,5.8,Yes,Low,High School,10.4,6,3,51.1
1265,Female,20,3.1,81.9,90.0,4,5.9,4.0,1.7,Yes,High,Postgraduate,20.1,3,2,59.1
1266,Female,22,3.8,56.3,66.4,15,8.6,3.1,2.4,Yes,Low,High School,16.5,6,6,59.8
1267,Male,23,2.8,77.0,40.2,4,5.8,6.1,1.9,Yes,High,High School,28.4,3,10,28.6
1268,Female,20,7.5,58.1,80.2,15,5.6,6.5,1.4,No,High,Graduate,21.7,8,8,75.3
1269,Female,24,2.9,69.6,46.4,9,5.3,6.9,1.4,No,High,High School,14.0,6,2,49.7
1270,Female,20,0.9,96.2,68.3,20,4.7,3.2,1.1,No,High,High School,11.3,8,8,56.3
1271,Female,20,1.6,74.7,68.3,9,5.0,6.5,3.5,No,Medium,Postgraduate,6.9,6,10,41.1
1272,Male,23,3.0,77.0,68.7,7,5.4,4.7,3.2,Yes,High,Graduate,15.7,2,4,47.3
1273,Female,19,7.2,91.5,70.1,11,8.1,4.4,3.6,No,High,High School,10.1,1,5,75.2
1274,Male,22,1.4,86.1,60.7,6,8.7,6.1,3.6,No,High,Graduate,6.5,9,1,49.5
1275,Female,20,2.6,72.2,40.5,15,6.5,3.7,1.6,Yes,Medium,High School,18.0,7,10,50.5
1276,Male,17,4.8,95.0,74.6,13,5.7,7.3,0.8,Yes,Low,Postgraduate,18.3,10,10,71.7
1277,Female,21,3.1,65.3,36.1,7,8.2,5.8,2.7,No,Low,Postgraduate,9.5,2,2,41.8
1278,Female,19,2.6,97.2,83.9,9,7.3,7.6,6.0,No,Medium,Graduate,19.4,10,8,62.6
1279,Female,18,4.8,88.9,43.0,16,7.8,6.9,0.8,Yes,Medium,Postgraduate,16.7,3,2,63.4
1280,Female,22,5.3,95.8,63.5,2,6.6,7.5,5.4,Yes,Medium,High School,13.3,9,5,67.6
1281,Female,23,6.2,62.2,97.7,16,5.0,2.3,1.9,Yes,Low,Postgraduate,8.1,1,4,75.6
1282,Male,18,7.9,77.1,68.9,8,8.8,3.4,0.6,No,Medium,Postgraduate,2.4,1,10,65.3
1283,Male,24,2.9,80.2,61.8,13,7.1,2.5,5.6,Yes,High,Graduate,6.7,2,6,52.7
1284,Female,21,5.6,55.9,81.9,3,7.1,6.5,1.0,Yes,High,Graduate,11.1,4,9,50.4
1285,Female,17,2.3,74.2,71.2,16,6.0,4.7,1.2,Yes,Medium,High School,21.7,9,2,61.4
1286,Female,23,2.0,58.1,56.6,16,6.7,3.7,3.1,Yes,Low,Graduate,8.0,8,2,53.7
1287,Female,24,5.1,86.7,74.5,17,5.9,7.1,5.4,Yes,Low,Postgraduate,10.7,7,2,77.1
1288,Female,17,3.4,71.9,71.8,18,5.3,3.4,6.2,Yes,High,High School,14.7,2,7,54.4
1289,Female,19,1.9,56.3,45.0,19,6.4,6.4,3.0,Yes,Medium,Graduate,8.4,1,6,46.6
1290,Female,23,6.6,85.7,39.8,3,7.3,5.9,6.7,No,Low,Graduate,28.9,6,4,56.2
1291,Male,18,0.8,85.1,69.5,4,6.7,2.5,2.2,No,High,Graduate,20.6,8,7,40.7
1292,Female,24,3.9,78.8,71.5,18,5.9,2.5,0.6,No,Medium,Postgraduate,22.9,7,10,67.2
1293,Female,22,7.4,93.7,74.5,0,7.1,2.2,4.0,No,Low,Postgraduate,7.9,5,10,63.9
1294,Female,18,6.7,69.8,82.2,14,5.1,4.4,3.4,Yes,Medium,Graduate,23.5,4,1,81.0
1295,Female,24,6.2,56.6,54.2,6,7.2,6.3,6.4,No,High,High School,22.2,9,8,54.2
1296,Male,22,2.1,67.8,64.9,0,8.2,1.7,5.2,Yes,High,Postgraduate,26.3,10,1,50.5
1297,Male,20,7.8,63.4,43.0,4,6.1,6.5,6.8,Yes,High,High School,22.0,5,2,63.2
1298,Male,19,3.2,75.8,35.5,8,4.8,1.4,5.0,No,Medium,High School,25.4,10,5,45.3
1299,Female,17,5.3,57.7,65.4,19,5.9,7.7,6.5,No,Low,Postgraduate,12.3,3,5,64.8
1300,Male,21,2.4,97.0,60.6,5,5.3,1.5,3.7,Yes,Low,Graduate,3.9,5,3,48.4
1301,Male,23,4.5,83.0,37.2,9,6.2,4.0,5.0,No,High,Postgraduate,5.9,4,1,55.1
1302,Female,20,7.5,61.8,37.2,19,6.0,6.5,3.0,No,High,Postgraduate,1.9,7,3,70.9
1303,Female,20,3.0,76.4,54.7,1,4.9,2.7,2.7,No,Low,High School,22.8,10,1,48.1
1304,Female,24,0.8,75.3,45.1,3,5.4,6.7,4.2,Yes,Low,High School,1.7,9,8,37.8
1305,Male,24,6.7,69.2,93.1,8,7.8,6.5,7.0,Yes,Medium,Graduate,9.9,2,10,59.8
1306,Male,23,3.6,99.2,44.1,7,7.9,3.1,5.6,Yes,Low,Graduate,6.3,3,3,49.4
1307,Male,20,7.3,67.1,40.2,0,7.1,3.1,5.9,Yes,Medium,Postgraduate,19.1,8,3,57.7
1308,Male,21,2.9,65.1,43.2,13,4.9,4.3,5.8,No,High,Graduate,17.9,9,1,60.2
1309,Male,19,3.1,72.2,43.3,3,7.1,1.8,6.7,No,High,Graduate,29.8,9,10,43.0
1310,Female,23,5.8,88.0,85.5,13,5.6,4.9,5.6,Yes,Low,Postgraduate,16.2,9,7,74.1
1311,Female,21,2.8,66.6,67.2,7,6.5,5.6,6.8,Yes,Low,Graduate,9.7,10,2,57.4
1312,Male,20,0.9,80.7,80.7,16,8.7,6.4,6.6,No,Low,Graduate,16.7,4,7,51.7
1313,Female,19,4.3,67.2,94.5,1,6.8,1.8,4.2,Yes,High,High School,5.9,9,7,58.7
1314,Male,17,8.0,64.0,80.8,4,8.4,3.5,2.6,No,Low,Graduate,22.6,4,4,66.8
1315,Male,23,8.0,75.4,72.4,19,4.5,4.6,4.2,Yes,Low,Postgraduate,28.7,10,2,89.4
1316,Female,17,6.9,72.3,82.4,20,5.2,2.6,5.0,No,Low,Postgraduate,24.1,4,8,80.5
1317,Male,17,3.0,79.4,88.1,2,8.7,7.1,4.1,Yes,High,Postgraduate,15.9,8,5,56.3
1318,Female,18,5.6,66.2,42.5,3,7.8,2.7,3.4,No,High,Graduate,10.6,2,9,46.4
1319,Female,20,1.6,80.8,85.7,4,8.9,2.3,2.2,No,Medium,Graduate,1.9,1,2,46.5
1320,Male,18,2.9,97.5,73.3,8,5.8,7.2,2.3,Yes,High,High School,8.7,7,7,57.6
1321,Female,17,5.3,55.7,43.8,17,8.6,5.8,1.5,Yes,Medium,High School,2.0,3,4,59.2
1322,Male,20,3.1,94.9,66.3,10,8.6,4.3,5.6,No,Medium,High School,1.2,6,4,58.5
1323,Male,19,1.2,82.9,97.5,17,8.8,4.9,2.7,No,Medium,Postgraduate,1.5,9,2,73.0
1324,Male,18,5.5,95.2,42.2,1,4.8,5.2,1.9,Yes,High,High School,16.1,5,7,49.6
1325,Male,17,3.9,56.3,80.6,5,5.4,7.3,4.2,No,High,Postgraduate,11.9,7,2,58.1
1326,Male,21,4.2,74.3,82.3,7,8.8,6.4,5.2,Yes,Low,Graduate,13.1,5,5,58.8
1327,Male,21,2.1,83.5,59.1,0,5.0,1.6,2.0,No,Low,Graduate,7.8,6,8,40.5
1328,Male,23,4.7,74.0,65.9,13,6.9,2.1,2.6,No,Low,Postgraduate,12.4,2,3,65.6
1329,Female,24,3.6,91.4,93.9,12,8.8,7.0,2.3,No,High,Graduate,14.7,2,10,63.9
1330,Female,21,6.7,84.8,71.4,20,5.4,1.1,3.2,Yes,Low,High School,10.1,2,9,71.8
1331,Female,21,2.5,64.4,38.4,13,8.5,6.3,4.1,No,Low,Graduate,8.4,2,3,39.4
1332,Female,20,6.4,55.8,60.2,8,8.1,5.5,1.1,Yes,High,High School,14.4,2,2,62.9
1333,Female,23,0.5,85.1,49.7,7,6.0,5.1,2.4,Yes,Medium,Graduate,8.5,9,3,47.4
1334,Female,18,6.3,70.6,41.2,3,9.0,2.3,1.5,Yes,Low,High School,4.4,6,5,52.1
1335,Female,17,3.5,69.0,81.9,16,6.4,6.8,2.1,Yes,Low,High School,2.8,3,2,68.0
1336,Male,20,5.7,59.7,63.1,18,7.3,7.4,0.8,No,Medium,High School,8.0,2,5,60.8
1337,Male,22,6.1,77.3,41.2,14,7.9,4.9,0.8,Yes,High,Postgraduate,8.5,2,7,62.2
1338,Female,22,4.9,67.8,96.6,14,8.2,3.3,2.9,Yes,Medium,Postgraduate,5.8,1,2,67.2
1339,Female,17,1.4,76.3,45.5,16,7.5,6.9,3.9,Yes,Medium,High School,28.4,1,8,35.5
1340,Female,21,1.3,56.2,78.5,3,8.0,4.3,5.9,No,Medium,High School,16.5,3,4,39.9
1341,Female,22,4.1,92.7,37.5,13,7.0,1.7,6.4,No,High,High School,1.4,3,5,53.0
1342,Female,23,5.4,85.1,53.5,4,5.5,3.8,1.7,No,Medium,Graduate,12.6,2,7,52.1
1343,Male,18,4.0,72.5,62.9,11,4.8,5.3,1.3,No,Low,Postgraduate,4.3,10,6,64.0
1344,Female,19,3.5,68.4,44.1,2,4.5,7.5,1.9,No,Low,Postgraduate,22.7,6,1,51.1
1345,Male,23,1.3,79.2,49.0,4,5.8,7.0,3.8,Yes,Low,Graduate,25.9,4,1,35.8
1346,Female,20,0.9,59.5,92.4,12,6.6,3.6,5.7,Yes,High,Postgraduate,26.0,9,7,55.1
1347,Male,24,2.2,79.7,40.9,10,4.6,1.8,5.4,No,Low,Graduate,14.7,8,7,41.7
1348,Male,20,4.6,69.4,83.2,3,5.1,6.4,6.4,No,High,Graduate,15.7,8,6,61.8
1349,Male,19,3.1,66.7,58.7,20,4.7,5.7,4.4,No,Medium,Graduate,23.0,3,4,59.9
1350,Male,24,6.8,71.6,52.7,14,6.6,1.3,0.9,Yes,Medium,Graduate,24.4,2,1,69.7
1351,Male,17,6.2,76.6,97.7,7,6.7,6.1,1.9,Yes,Medium,Graduate,24.8,8,6,74.6
1352,Female,23,6.8,77.6,55.4,14,7.5,3.7,1.6,Yes,Medium,High School,17.1,3,6,65.2
1353,Male,20,6.8,99.9,63.3,13,5.6,1.1,4.7,No,Low,Postgraduate,16.9,7,4,75.9
1354,Female,17,7.4,76.4,78.6,11,7.2,2.5,3.9,No,High,Postgraduate,29.8,9,8,79.8
1355,Male,24,4.9,65.5,38.6,10,8.0,6.4,2.2,Yes,High,Graduate,22.5,6,1,60.2
1356,Female,24,7.7,69.7,88.8,13,8.8,6.4,2.5,No,High,Graduate,11.0,6,7,80.5
1357,Female,19,1.7,93.3,72.0,0,5.6,6.5,2.2,No,High,High School,6.2,3,8,36.0
1358,Male,24,5.8,62.9,75.5,15,5.0,6.3,5.9,Yes,Medium,High School,2.7,6,8,66.2
1359,Male,18,2.7,82.8,69.2,3,5.8,6.9,3.1,No,High,High School,7.0,9,4,50.0
1360,Female,19,6.9,63.1,36.9,5,7.9,8.0,6.9,No,Medium,Graduate,25.0,9,1,58.8
1361,Male,24,1.0,79.6,89.7,14,6.6,7.2,0.6,Yes,Medium,Postgraduate,1.3,4,2,57.8
1362,Male,24,0.7,81.2,48.1,13,8.3,2.3,6.5,Yes,High,Graduate,23.7,7,10,35.6
1363,Female,22,3.7,65.9,70.0,17,5.5,4.9,5.3,Yes,High,Postgraduate,7.4,6,5,58.7
1364,Male,22,5.0,60.7,79.1,15,5.3,7.0,1.5,Yes,Medium,Postgraduate,24.7,10,2,80.4
1365,Female,20,0.9,92.4,80.3,14,6.3,3.3,1.6,No,Medium,Postgraduate,22.7,3,9,50.6
1366,Female,17,4.9,56.1,80.5,16,8.4,4.0,5.8,Yes,Low,Postgraduate,1.3,7,8,70.9
1367,Male,17,5.9,59.6,95.5,5,7.2,2.2,5.5,No,Medium,Postgraduate,17.6,6,5,71.2
1368,Male,19,0.8,65.1,91.6,11,8.8,2.7,1.6,No,High,Graduate,11.0,3,4,48.4
1369,Female,20,7.8,60.1,90.7,7,9.0,3.0,5.7,Yes,Low,High School,26.4,1,4,74.4
1370,Male,18,2.7,66.1,92.9,18,6.4,1.1,4.0,Yes,Medium,Graduate,3.6,6,10,64.1
1371,Male,19,7.1,57.6,84.1,19,6.3,7.4,4.5,Yes,Medium,Graduate,6.7,10,3,93.7
1372,Female,22,4.1,68.9,58.4,5,4.8,1.1,1.7,Yes,High,High School,6.2,5,2,54.2
1373,Female,21,3.8,86.6,41.3,11,5.5,3.8,6.6,No,Low,High School,21.3,5,8,46.6
1374,Male,21,7.2,74.2,63.3,7,4.6,5.0,1.5,Yes,Low,High School,21.4,9,5,70.2
1375,Male,21,1.0,86.1,89.2,11,4.5,1.7,1.9,Yes,High,High School,16.0,3,2,55.8
1376,Male,20,3.8,96.3,64.0,4,5.7,5.2,1.3,No,High,Postgraduate,10.3,5,3,54.0
1377,Male,20,7.5,90.6,72.2,0,5.9,4.8,3.7,Yes,Low,Postgraduate,18.1,7,8,69.0
1378,Female,17,4.7,70.9,57.6,19,8.7,2.2,3.5,No,High,Postgraduate,23.8,9,5,75.6
1379,Male,17,3.2,78.7,47.1,17,5.3,6.4,5.0,No,Medium,Graduate,4.6,8,3,60.5
1380,Female,19,4.9,62.6,54.2,6,8.4,5.5,2.6,Yes,Low,High School,26.2,6,2,60.3
1381,Male,21,0.6,59.8,46.6,20,6.3,6.3,6.9,Yes,High,High School,3.6,8,3,49.1
1382,Female,23,7.6,90.7,50.5,8,4.9,5.0,1.6,Yes,High,Graduate,2.2,1,1,70.1
1383,Female,21,3.6,55.0,92.9,10,8.2,1.4,4.3,Yes,Low,Postgraduate,7.7,7,4,60.7
1384,Female,18,1.1,88.2,40.3,7,5.6,6.3,4.0,Yes,High,High School,12.1,3,3,35.0
1385,Female,17,0.5,57.1,95.8,16,5.1,4.4,0.7,No,Medium,High School,12.3,7,5,55.1
1386,Female,23,2.1,78.7,94.2,0,4.6,3.3,3.5,Yes,Low,Postgraduate,4.2,4,5,47.0
1387,Female,19,7.9,94.9,84.5,3,4.6,7.6,4.5,Yes,High,High School,12.3,5,2,83.8
1388,Female,17,2.6,91.8,42.3,6,6.6,4.2,4.8,No,High,High School,23.9,7,9,41.2
1389,Female,17,5.0,63.1,96.4,8,8.5,6.7,3.6,Yes,Medium,Postgraduate,18.8,6,2,71.7
1390,Male,20,1.9,68.5,46.5,5,5.8,2.5,2.5,No,Medium,Graduate,23.6,5,2,44.3
1391,Female,20,6.5,77.5,59.5,8,6.5,6.3,0.6,No,Low,Graduate,17.2,6,5,69.5
1392,Male,22,0.8,86.0,45.9,16,6.5,5.9,0.9,No,Medium,Postgraduate,28.4,1,1,47.1
1393,Female,18,1.8,72.6,52.5,10,8.0,5.2,5.9,No,High,Graduate,2.4,1,10,36.0
1394,Female,17,4.2,84.1,60.9,3,5.8,4.2,6.7,No,High,Graduate,3.4,9,5,53.7
1395,Female,20,6.1,92.9,95.7,11,8.5,2.8,3.2,No,High,High School,11.7,8,3,87.1
1396,Male,18,2.7,86.2,67.7,16,7.9,5.0,6.6,Yes,High,Graduate,10.7,3,8,52.9
1397,Male,20,5.7,84.2,87.8,12,4.6,7.8,2.9,Yes,Medium,Graduate,27.5,7,1,79.3
1398,Male,19,4.9,66.1,36.7,15,7.4,5.7,0.6,Yes,High,High School,13.2,7,8,57.9
1399,Female,22,7.2,76.4,71.2,8,8.0,5.3,5.5,Yes,High,Graduate,20.6,8,9,71.2
1400,Female,23,6.6,57.1,64.7,6,7.1,2.4,4.9,Yes,High,Graduate,24.2,3,9,56.5
1401,Female,18,5.3,93.2,88.2,20,5.9,2.0,5.9,No,High,Postgraduate,13.8,8,1,86.5
1402,Male,18,3.6,64.3,87.9,2,6.3,2.1,6.6,Yes,Medium,High School,17.3,1,8,40.6
1403,Female,21,3.6,69.5,90.7,6,8.0,2.6,1.1,Yes,Medium,Postgraduate,9.5,1,9,49.0
1404,Male,18,0.7,87.3,72.3,7,8.9,1.6,5.5,No,Medium,Postgraduate,18.7,6,5,47.7
1405,Male,21,3.6,56.2,59.0,5,4.8,3.4,4.0,Yes,High,Postgraduate,22.5,4,1,47.9
1406,Male,23,2.6,90.4,86.1,4,8.0,5.9,5.8,No,High,High School,12.2,2,8,49.5
1407,Female,19,3.3,83.8,76.8,3,6.0,5.5,4.3,Yes,Medium,High School,6.8,1,2,50.7
1408,Male,18,3.9,57.1,65.0,19,8.9,3.9,2.4,No,Low,Graduate,5.4,8,1,67.5
1409,Male,17,1.7,97.6,69.7,20,8.4,3.1,2.4,No,Low,Postgraduate,15.7,9,6,68.9
1410,Male,23,4.8,70.2,70.6,20,7.4,5.4,1.1,Yes,Low,Graduate,12.8,7,9,64.1
1411,Female,21,1.5,80.1,68.4,0,5.6,1.8,0.9,No,Low,Graduate,24.3,3,7,32.7
1412,Female,19,3.4,84.3,75.4,10,9.0,5.8,6.2,No,Low,Postgraduate,26.4,1,2,53.8
1413,Female,23,2.1,81.9,71.9,4,8.8,4.2,2.1,Yes,Low,Postgraduate,11.9,3,9,45.1
1414,Male,23,6.2,55.0,92.9,9,5.6,3.2,6.0,No,High,High School,21.3,5,1,72.1
1415,Male,22,6.6,90.5,84.1,8,7.6,7.8,6.2,No,Medium,High School,16.0,5,9,69.8
1416,Female,21,2.6,87.1,60.9,6,8.8,2.6,0.7,Yes,Low,Graduate,17.9,7,8,49.7
1417,Male,23,4.8,76.8,92.4,5,5.1,1.4,2.2,Yes,Low,Graduate,13.1,10,9,64.9
1418,Male,20,1.0,75.4,93.7,18,6.3,2.3,2.7,Yes,Medium,Postgraduate,22.3,10,10,65.3
1419,Male,21,7.0,73.0,67.4,15,6.5,2.3,6.5,Yes,Low,Postgraduate,28.5,7,1,78.5
1420,Male,23,6.6,95.3,86.2,3,6.0,5.2,5.3,Yes,Low,High School,27.0,10,2,77.1
1421,Male,17,2.7,57.2,96.7,14,8.7,2.0,4.5,No,High,Postgraduate,3.1,2,5,60.3
1422,Female,22,2.8,55.8,67.5,18,6.7,2.1,4.6,No,Medium,High School,22.5,9,8,54.8
1423,Female,20,5.5,86.4,53.7,0,6.0,7.8,4.7,Yes,High,Graduate,29.8,1,9,41.3
1424,Male,22,3.7,97.4,41.4,8,7.0,5.3,1.3,No,High,High School,26.5,10,9,58.2
1425,Female,19,1.1,84.6,50.5,0,6.5,3.9,1.2,No,Low,Graduate,8.2,9,7,37.8
1426,Female,18,7.5,77.1,42.6,5,5.9,7.8,4.8,Yes,Low,Graduate,15.2,8,10,58.0
1427,Female,18,2.0,62.6,66.3,11,4.8,3.9,5.4,Yes,High,Graduate,6.6,3,1,45.4
1428,Female,24,3.9,63.5,81.1,9,8.3,3.2,6.0,No,Low,Graduate,22.7,5,9,54.4
1429,Male,24,4.5,94.0,83.8,10,8.9,7.5,6.3,Yes,High,Postgraduate,25.7,8,7,66.8
1430,Female,17,7.8,59.0,78.8,5,8.4,5.2,1.0,Yes,High,Graduate,15.8,6,7,66.4
1431,Male,18,3.1,79.5,40.0,3,5.9,6.8,2.2,No,Low,Postgraduate,15.3,10,7,47.2
1432,Female,17,4.0,57.3,35.7,7,8.5,6.6,5.2,Yes,High,Postgraduate,16.8,6,5,40.4
1433,Female,21,1.8,91.2,36.5,6,7.1,3.8,1.5,Yes,High,Graduate,16.5,1,4,36.5
1434,Male,20,0.6,72.6,44.9,10,4.9,7.3,2.3,No,High,Graduate,4.8,7,10,31.0
1435,Female,17,0.9,63.5,97.1,9,5.7,1.1,6.4,Yes,Low,Postgraduate,21.8,1,7,42.2
1436,Male,23,5.0,82.7,69.1,20,8.5,3.0,1.9,No,Low,High School,10.7,2,4,73.0
1437,Male,21,2.6,70.2,38.0,5,8.1,2.7,4.8,No,High,Postgraduate,29.6,2,10,31.1
1438,Male,19,1.6,69.1,72.8,15,7.6,4.3,6.7,Yes,Low,Graduate,22.8,6,5,50.8
1439,Male,23,2.7,88.6,86.8,18,6.0,2.7,2.3,Yes,Low,Graduate,21.4,8,7,74.7
1440,Female,24,4.8,96.5,57.9,0,5.1,3.7,5.3,Yes,Low,Graduate,16.0,5,1,53.6
1441,Male,23,0.9,96.8,38.3,7,4.7,3.8,3.3,No,Low,Postgraduate,16.8,1,6,27.5
1442,Male,17,1.4,93.7,72.0,18,5.0,2.2,5.7,No,Medium,High School,21.0,4,1,57.5
1443,Male,17,6.3,75.7,58.4,14,7.6,3.6,6.1,No,Low,High School,26.0,10,3,81.0
1444,Female,21,4.0,96.3,94.7,9,7.5,2.8,2.3,No,Medium,High School,15.9,10,3,72.9
1445,Female,22,1.4,55.7,70.3,17,7.2,3.4,2.8,No,Medium,High School,26.1,4,5,54.1
1446,Female,18,5.0,85.9,44.4,15,7.3,1.4,5.0,No,Low,Graduate,16.7,7,1,66.3
1447,Male,22,0.7,55.5,63.3,20,5.2,4.0,6.5,No,Low,High School,11.9,1,3,41.5
1448,Female,17,2.0,55.2,62.8,20,8.8,4.0,5.8,No,Low,High School,8.4,6,7,47.7
1449,Female,24,1.1,66.0,55.6,14,7.1,1.4,2.9,Yes,Medium,Postgraduate,14.3,5,6,41.2
1450,Female,22,4.8,88.1,82.8,16,7.4,4.7,3.3,No,Low,Postgraduate,7.8,5,7,72.7
1451,Male,19,7.1,87.1,66.2,20,7.5,4.2,4.1,Yes,High,Postgraduate,14.9,1,6,78.4
1452,Female,23,4.1,87.9,69.1,7,8.3,6.6,1.2,No,Low,High School,6.5,3,3,54.2
1453,Male,19,6.6,86.1,73.0,15,5.5,5.8,1.9,No,Low,High School,24.6,7,5,77.6
1454,Male,20,7.5,95.3,64.0,19,8.4,5.6,2.2,No,High,High School,2.4,8,8,88.7
1455,Male,21,2.3,63.2,71.2,8,7.6,1.0,3.3,No,Low,High School,28.9,4,4,51.2
1456,Female,21,4.2,58.2,72.2,4,8.5,1.1,4.9,No,Low,Graduate,2.7,6,6,55.5
1457,Female,21,7.4,69.6,70.8,19,7.3,2.4,6.7,Yes,Low,Postgraduate,5.5,2,1,75.0
1458,Female,17,6.3,74.5,74.4,4,8.6,4.4,3.5,No,Medium,Graduate,22.2,4,4,69.1
1459,Female,19,0.7,91.1,35.2,17,6.1,2.7,5.7,No,Low,Postgraduate,24.9,6,10,37.6
1460,Female,19,5.3,90.6,53.7,1,5.1,4.5,0.6,No,Medium,Graduate,5.0,7,8,56.5
1461,Female,23,4.8,55.1,93.3,5,4.6,1.3,5.1,No,Medium,Postgraduate,3.1,4,9,55.6
1462,Female,18,4.8,67.0,72.5,20,7.1,1.7,6.5,No,High,Postgraduate,15.7,10,10,71.6
1463,Female,21,0.8,88.3,91.0,10,4.6,3.0,5.1,Yes,Low,High School,22.6,4,3,56.8
1464,Male,22,7.8,66.6,59.0,4,5.0,6.0,4.3,No,High,Graduate,7.6,9,2,74.4
1465,Female,24,0.6,86.5,46.5,14,6.5,5.9,6.5,No,Low,Postgraduate,5.7,3,3,46.4
1466,Female,17,3.5,75.7,66.8,15,4.8,4.6,3.8,No,High,Postgraduate,29.2,3,3,57.2
1467,Female,21,2.7,72.5,38.1,2,8.9,2.4,5.2,No,Low,Postgraduate,10.4,10,6,40.4
1468,Female,19,3.7,75.0,52.0,12,5.4,5.7,2.1,Yes,Medium,High School,2.5,1,10,48.1
1469,Female,23,4.6,80.8,43.9,2,6.2,1.9,1.1,No,Medium,Graduate,20.3,6,6,52.6
1470,Female,17,4.4,72.9,55.7,11,8.5,3.5,6.9,Yes,Low,Graduate,16.2,3,5,52.9
1471,Female,22,3.0,90.4,61.1,16,8.4,3.0,0.9,Yes,Low,High School,26.9,2,7,53.9
1472,Female,17,7.0,66.7,83.5,18,7.3,7.5,0.5,Yes,Medium,Graduate,26.2,4,4,81.7
1473,Female,17,6.0,75.4,95.4,13,5.4,7.2,2.4,Yes,Low,Postgraduate,10.7,5,3,83.9
1474,Male,23,0.9,82.5,68.7,0,8.9,6.4,2.3,Yes,High,Graduate,18.3,2,4,33.6
1475,Female,23,7.0,96.4,91.4,15,5.1,2.9,6.9,No,High,High School,9.7,9,5,84.8
1476,Male,21,7.4,75.9,57.3,12,7.9,4.4,6.9,Yes,Medium,Postgraduate,25.0,1,10,58.0
1477,Male,22,6.2,57.0,76.4,13,4.5,6.0,2.1,Yes,Medium,Postgraduate,9.1,3,1,73.9
1478,Female,24,6.8,55.8,47.0,9,5.2,2.6,4.2,No,High,Graduate,28.7,8,8,59.9
1479,Male,22,1.4,68.9,67.3,13,7.8,8.0,5.0,No,High,Postgraduate,24.4,3,4,42.4
1480,Female,21,2.6,80.7,45.0,20,7.9,2.2,6.3,Yes,Medium,Graduate,25.3,1,6,51.3
1481,Male,22,2.7,78.2,41.2,14,5.4,1.0,3.1,Yes,High,High School,14.6,10,4,58.6
1482,Male,23,4.3,68.3,44.2,12,8.2,6.8,4.2,Yes,Low,High School,14.3,7,10,51.3
1483,Male,17,1.6,84.4,42.5,19,6.8,5.1,6.9,No,Medium,Graduate,26.3,3,4,47.8
1484,Female,23,5.9,83.2,63.2,17,5.8,4.3,3.4,No,Medium,Graduate,6.9,6,5,70.2
1485,Female,18,4.4,99.5,90.3,17,6.9,5.8,6.0,No,Medium,Postgraduate,2.7,4,8,71.7
1486,Female,23,4.9,71.6,97.2,20,6.3,3.8,4.1,Yes,High,High School,26.0,9,5,84.4
1487,Female,18,7.7,85.8,60.1,4,5.6,3.8,1.2,Yes,Low,Postgraduate,19.8,2,10,54.9
1488,Female,17,4.6,84.0,88.4,3,6.8,1.9,5.8,Yes,Low,Graduate,18.0,8,1,73.3
1489,Female,21,2.1,90.1,72.1,4,6.2,5.2,2.0,No,Low,High School,21.7,5,9,46.6
1490,Female,17,0.8,77.1,64.0,19,6.4,4.6,5.2,No,Medium,High School,22.5,4,4,50.2
1491,Male,22,6.2,92.8,76.5,6,5.0,3.3,4.6,Yes,High,High School,16.2,6,8,68.8
1492,Male,18,5.1,85.4,81.6,16,5.7,6.8,2.2,Yes,Medium,High School,9.9,5,6,78.3
1493,Female,18,4.1,57.3,92.9,3,7.9,7.6,6.9,No,High,Graduate,24.8,6,1,57.3
1494,Male,20,6.3,82.1,81.9,18,7.4,7.1,3.4,No,High,Graduate,11.4,8,9,75.6
1495,Female,21,4.3,66.9,96.5,18,8.1,1.2,5.4,Yes,Low,Graduate,7.3,4,7,71.7
1496,Male,19,1.5,69.4,48.8,15,6.8,2.5,1.3,No,Low,High School,15.8,10,8,47.8
1497,Male,20,7.7,89.8,48.1,1,5.1,6.8,2.7,Yes,Medium,High School,11.9,6,5,65.6
1498,Male,21,7.9,71.8,69.6,20,7.8,4.8,4.3,No,Medium,Graduate,21.6,7,1,95.1
1499,Male,23,3.4,87.7,56.8,20,7.1,4.8,4.7,Yes,Medium,High School,10.8,8,5,70.0
1500,Female,21,7.6,95.4,39.8,3,6.3,4.9,4.7,No,Medium,Postgraduate,26.8,5,2,63.5
1501,Male,23,5.8,66.5,70.4,15,8.1,3.0,5.3,No,High,Postgraduate,29.9,3,10,64.3
1502,Female,19,7.8,89.7,36.8,4,6.4,7.0,2.8,Yes,High,High School,13.1,1,10,55.3
1503,Female,19,3.9,60.5,82.0,13,6.4,7.7,0.5,Yes,Low,High School,4.9,6,7,65.6
1504,Female,24,5.7,64.9,73.7,17,4.7,7.3,1.9,No,High,Postgraduate,1.5,8,7,73.2
1505,Male,20,4.1,75.4,39.5,4,7.4,2.9,3.1,Yes,Medium,High School,14.3,5,5,41.2
1506,Female,19,6.9,95.9,62.4,9,5.1,6.7,5.8,No,Low,High School,17.5,2,9,61.5
1507,Female,23,6.4,71.1,92.0,12,8.5,5.4,2.8,No,Low,Graduate,18.6,3,3,76.4
1508,Male,21,0.7,96.7,96.0,17,6.0,7.8,5.3,No,High,Graduate,26.4,6,6,57.9
1509,Female,21,3.5,61.3,68.6,17,5.5,1.0,3.5,No,High,Postgraduate,21.2,4,4,56.3
1510,Female,22,3.3,76.7,71.6,6,5.2,1.6,2.2,Yes,Low,High School,26.4,10,8,56.3
1511,Female,17,0.6,55.6,55.3,7,6.5,5.6,3.3,Yes,Low,Postgraduate,21.2,9,4,36.2
1512,Female,19,4.1,65.9,54.7,18,4.9,1.6,0.9,Yes,Low,Graduate,24.2,4,7,56.9
1513,Female,17,1.1,75.5,37.9,12,7.3,3.2,2.5,Yes,Medium,Postgraduate,20.0,6,8,41.4
1514,Male,19,2.3,91.4,39.5,8,5.3,6.2,0.6,No,Medium,Postgraduate,21.1,1,1,41.1
1515,Female,17,3.0,86.3,77.5,4,5.3,6.2,1.1,Yes,Medium,High School,8.4,3,1,54.8
1516,Male,21,6.0,80.5,36.2,12,6.4,2.7,6.0,Yes,Low,Graduate,7.7,9,3,63.0
1517,Male,20,7.8,60.9,76.9,1,6.2,2.0,0.7,No,High,Graduate,7.1,10,1,80.6
1518,Female,22,4.8,63.7,75.4,11,5.3,3.7,6.8,No,High,Graduate,10.7,4,3,59.4
1519,Female,20,2.1,63.4,60.2,9,7.2,4.0,0.5,No,Low,Postgraduate,2.6,5,10,40.3
1520,Female,19,6.6,97.8,50.6,14,7.4,4.3,6.4,No,Low,Graduate,12.7,4,5,71.3
1521,Female,19,6.3,70.1,46.2,12,8.9,3.8,5.8,No,Low,Postgraduate,15.8,10,2,69.0
1522,Male,21,5.1,73.7,53.9,8,6.6,7.9,1.9,No,Medium,Graduate,13.6,7,10,56.4
1523,Male,19,2.9,65.5,48.1,18,7.6,5.9,3.2,No,Low,Postgraduate,22.9,10,9,59.6
1524,Male,22,3.4,96.6,44.5,3,6.0,1.6,4.7,No,Low,Postgraduate,9.3,7,4,52.8
1525,Female,20,4.6,77.5,62.0,18,4.6,6.5,3.1,Yes,Medium,High School,11.3,9,3,71.4
1526,Male,24,2.2,97.6,40.2,12,8.5,4.6,1.8,Yes,Medium,High School,12.0,8,2,51.6
1527,Male,19,4.0,62.5,87.3,0,8.7,2.9,4.5,No,High,Graduate,17.6,8,9,55.9
1528,Female,19,1.4,99.1,96.7,12,8.0,5.1,2.4,Yes,Medium,Postgraduate,9.6,8,7,60.3
1529,Female,21,6.1,64.2,86.4,19,5.0,2.0,6.5,Yes,High,High School,6.3,10,5,77.8
1530,Male,20,3.6,96.0,80.3,18,6.6,5.3,3.4,No,Low,Postgraduate,4.2,1,7,66.4
1531,Male,18,1.3,72.5,45.7,18,4.6,3.8,5.2,Yes,Low,High School,8.9,10,10,44.5
1532,Female,18,2.5,76.4,77.0,15,7.5,2.4,5.0,Yes,Low,Graduate,15.3,9,2,65.0
1533,Male,17,2.1,58.3,50.8,17,4.9,3.8,6.8,Yes,Medium,Postgraduate,27.1,10,10,48.9
1534,Male,18,1.7,96.0,44.5,17,8.2,3.9,3.2,Yes,Low,Graduate,5.2,2,7,51.0
1535,Male,23,7.7,89.6,51.2,10,5.9,2.8,1.5,Yes,High,Graduate,17.4,1,4,66.8
1536,Male,18,5.5,76.9,94.2,18,4.9,7.4,3.0,No,Low,High School,26.4,2,6,77.6
1537,Male,21,6.4,59.4,78.0,0,9.0,3.1,3.5,Yes,Low,High School,25.4,1,3,62.0
1538,Female,24,3.9,83.4,55.0,15,8.7,1.5,6.5,No,Medium,Graduate,6.4,4,7,55.4
1539,Female,19,1.0,79.9,95.7,1,8.6,4.5,4.5,Yes,High,High School,4.5,2,7,36.8
1540,Male,23,2.6,57.2,79.7,2,8.6,2.5,0.8,Yes,Medium,Postgraduate,8.3,10,7,54.3
1541,Male,24,3.1,62.5,55.4,20,6.7,3.2,1.0,No,High,Postgraduate,27.5,3,6,52.6
1542,Female,23,3.2,72.6,52.8,18,8.9,5.2,6.9,No,Medium,Postgraduate,27.6,1,6,46.1
1543,Female,19,2.1,71.4,66.8,4,8.3,2.3,4.6,No,Medium,Graduate,1.8,2,8,33.7
1544,Male,23,3.4,55.4,36.4,1,4.9,7.0,4.8,No,Low,Graduate,2.2,5,2,41.4
1545,Female,18,5.8,75.0,85.9,0,4.5,5.5,5.8,No,Low,Postgraduate,5.1,7,9,59.1
1546,Male,19,4.0,62.6,66.6,3,5.0,7.1,4.8,Yes,High,High School,9.2,3,4,44.0
1547,Male,17,4.5,76.2,89.6,16,5.4,8.0,4.3,No,Medium,Postgraduate,24.3,5,1,71.7
1548,Female,19,2.2,95.0,41.4,3,8.7,3.4,0.7,Yes,High,Postgraduate,18.2,6,4,41.6
1549,Female,20,7.4,55.3,93.6,9,5.0,5.9,4.8,Yes,Low,Postgraduate,1.5,8,9,78.8
1550,Male,18,1.0,95.3,41.4,9,8.6,6.0,2.6,No,Medium,Graduate,17.1,5,2,46.0
1551,Female,20,6.5,68.0,90.7,4,7.0,2.2,4.7,No,Medium,Postgraduate,19.6,9,10,65.1
1552,Female,21,7.8,85.3,49.3,17,7.1,1.8,1.4,Yes,High,Graduate,18.3,4,10,73.3
1553,Female,19,0.6,91.6,69.8,11,8.6,6.5,4.4,Yes,Medium,Postgraduate,29.0,5,1,53.5
1554,Female,22,4.7,57.2,53.8,4,6.8,6.6,3.3,No,Medium,High School,7.8,7,2,57.2
1555,Male,21,6.2,71.7,91.3,2,6.3,2.0,3.2,Yes,Low,Graduate,7.4,4,7,65.0
1556,Female,24,0.7,67.6,65.2,12,7.3,2.1,4.5,Yes,Medium,High School,16.4,7,5,44.4
1557,Male,21,5.6,65.8,43.9,8,5.3,3.1,0.5,Yes,High,Graduate,10.9,1,5,46.2
1558,Female,23,7.6,72.9,41.8,17,6.0,4.2,6.0,Yes,Low,Graduate,5.8,10,1,80.4
1559,Male,18,3.9,65.8,83.1,7,7.5,5.3,2.7,No,High,Postgraduate,27.7,10,5,62.9
1560,Female,19,1.5,72.4,37.9,0,8.6,2.0,3.3,Yes,Medium,Graduate,28.6,3,10,23.5
1561,Male,23,5.0,92.3,36.7,2,6.3,4.8,5.5,No,High,High School,14.8,2,6,46.3
1562,Male,21,7.9,55.2,48.9,4,8.2,6.3,6.8,No,Low,High School,5.4,2,4,57.3
1563,Male,17,3.6,85.2,38.1,18,5.6,2.7,2.9,Yes,Low,Postgraduate,1.6,4,8,54.4
1564,Female,22,5.8,84.2,62.1,12,5.2,6.9,2.9,No,Low,Postgraduate,14.0,5,8,60.2
1565,Male,23,8.0,91.5,44.0,0,5.8,6.5,5.2,No,Medium,Postgraduate,23.3,4,3,65.5
1566,Female,20,2.6,72.0,62.8,9,8.3,4.1,5.6,Yes,Low,Postgraduate,14.1,2,10,37.8
1567,Male,18,4.2,98.6,79.8,10,4.8,2.2,3.6,No,Medium,Postgraduate,2.6,7,2,68.5
1568,Female,17,5.5,90.9,74.4,4,5.1,1.5,1.2,No,High,Graduate,19.3,8,9,65.0
1569,Female,22,2.0,66.1,44.5,15,5.1,3.5,1.5,No,Low,Graduate,3.4,3,7,44.9
1570,Male,20,2.6,61.8,54.6,0,4.7,7.6,2.1,Yes,Low,High School,8.5,6,4,40.0
1571,Male,24,3.1,84.6,66.6,12,6.2,2.5,6.8,No,Medium,Postgraduate,3.1,9,5,57.1
1572,Male,23,7.9,95.3,92.9,4,4.7,1.7,2.3,No,Medium,High School,13.5,1,7,75.7
1573,Male,20,7.0,94.5,89.9,11,4.8,2.0,1.7,No,Medium,Postgraduate,12.4,5,6,84.6
1574,Female,22,7.5,72.4,64.6,13,5.7,4.1,2.4,Yes,Low,Graduate,12.8,7,3,76.1
1575,Male,23,1.5,55.3,61.0,4,8.9,3.9,3.0,Yes,Medium,Graduate,21.6,6,2,38.4
1576,Male,21,1.8,97.5,81.6,0,7.3,5.1,1.9,No,High,Graduate,27.1,5,3,46.4
1577,Female,24,1.9,90.4,53.4,15,6.6,7.9,5.0,Yes,Medium,High School,26.1,1,5,51.8
1578,Male,20,2.7,84.5,63.9,6,5.5,5.3,1.4,Yes,Medium,Postgraduate,22.2,5,8,47.6
1579,Male,23,1.7,57.5,70.7,8,5.9,6.0,3.1,Yes,High,High School,25.6,7,8,39.2
1580,Male,21,6.4,91.4,61.9,0,5.0,7.9,6.2,No,Low,Graduate,24.7,3,1,64.3
1581,Female,24,6.3,94.1,47.8,6,6.4,4.2,4.2,Yes,High,High School,12.1,1,9,50.0
1582,Female,21,6.9,83.8,51.0,9,8.5,7.1,4.4,Yes,Low,High School,5.2,1,9,62.3
1583,Female,21,5.2,89.4,40.9,18,8.7,3.6,5.9,No,Low,Graduate,11.0,1,2,59.3
1584,Male,21,7.2,87.2,91.4,20,4.8,7.1,1.9,No,High,High School,2.8,9,9,90.5
1585,Male,21,1.0,65.9,57.0,12,8.5,3.4,5.0,Yes,Medium,Graduate,14.3,6,4,45.1
1586,Male,24,3.1,57.2,37.6,20,4.6,7.5,3.9,No,High,Graduate,2.0,6,7,48.3
1587,Male,24,7.7,82.4,44.8,14,8.1,5.6,3.1,Yes,Medium,High School,4.1,10,9,76.4
1588,Male,20,4.4,72.5,96.8,16,8.9,1.8,4.2,Yes,Medium,High School,14.8,8,7,74.2
1589,Female,22,0.8,69.4,36.8,17,5.4,2.3,2.8,No,High,High School,16.8,9,2,50.8
1590,Male,18,2.4,97.8,97.2,18,7.5,6.4,3.8,No,High,Graduate,10.7,5,3,72.7
1591,Male,17,0.8,85.7,69.0,8,8.7,4.0,3.7,Yes,High,Graduate,6.9,4,1,52.2
1592,Female,17,7.3,75.8,65.2,12,6.4,4.9,4.7,Yes,Medium,High School,26.4,5,6,68.0
1593,Female,19,3.3,68.5,41.7,7,4.5,4.8,5.8,Yes,High,Graduate,23.2,1,9,37.4
1594,Female,19,2.2,93.9,88.2,15,8.1,4.3,6.5,No,Low,Postgraduate,22.2,2,2,66.6
1595,Female,19,5.4,96.5,47.5,19,4.8,4.1,1.0,Yes,Medium,Postgraduate,9.4,2,1,74.3
1596,Female,18,2.1,85.5,38.3,15,8.3,5.8,3.4,No,Low,Graduate,11.6,8,2,58.4
1597,Male,21,5.1,70.7,60.1,14,6.3,1.3,4.5,No,Low,High School,18.8,7,9,65.3
1598,Male,19,3.2,62.3,86.9,9,8.8,7.9,3.0,Yes,Low,Postgraduate,3.2,6,4,62.7
1599,Male,22,2.4,99.3,79.3,14,4.6,5.9,3.6,No,High,Postgraduate,4.3,4,7,54.5
1600,Male,19,7.3,69.8,81.9,3,4.7,3.8,5.9,No,Medium,Postgraduate,17.6,3,7,57.7
1601,Male,22,2.1,66.8,64.5,10,7.2,7.0,6.5,No,Low,Postgraduate,6.4,4,4,44.7
1602,Male,19,2.6,73.1,70.9,8,6.2,7.8,5.1,Yes,Low,High School,28.3,7,7,54.6
1603,Female,19,7.6,86.2,86.5,13,6.4,2.0,3.9,No,High,High School,9.4,5,7,82.0
1604,Female,18,0.8,56.5,90.5,4,4.6,3.7,0.8,Yes,High,Graduate,9.1,5,7,42.8
1605,Female,20,6.7,77.3,42.2,20,5.4,1.4,4.7,No,High,Postgraduate,23.1,4,4,69.9
1606,Female,18,7.2,91.5,40.6,1,4.8,1.3,0.8,Yes,Medium,Postgraduate,29.0,10,10,56.6
1607,Male,20,1.8,84.0,94.7,10,7.6,3.0,2.7,Yes,Medium,Postgraduate,7.4,10,3,68.1
1608,Male,23,3.8,74.1,50.3,13,6.3,4.7,4.7,Yes,Medium,Postgraduate,9.8,9,2,59.6
1609,Male,17,3.9,86.4,51.2,14,8.3,7.1,6.4,No,High,Postgraduate,28.5,4,2,64.7
1610,Male,18,5.6,88.4,35.5,19,6.4,7.5,4.4,Yes,High,Graduate,5.1,10,9,66.2
1611,Male,24,3.7,65.5,97.9,11,7.4,6.3,1.2,No,Medium,High School,20.1,8,7,66.3
1612,Female,19,4.6,98.1,60.8,7,6.4,4.7,4.8,No,Medium,High School,18.2,6,1,61.7
1613,Female,19,1.9,74.5,63.0,16,4.6,5.9,1.8,Yes,High,Postgraduate,18.5,7,2,63.2
1614,Female,22,7.2,79.2,73.4,14,5.8,5.1,5.8,No,Medium,Graduate,5.4,10,9,74.5
1615,Male,18,2.9,82.1,66.2,9,4.6,6.9,6.4,No,Low,Graduate,4.2,6,9,43.6
1616,Female,18,7.6,72.4,65.4,18,5.3,1.5,5.8,No,Low,Postgraduate,4.3,10,6,87.1
1617,Male,24,7.8,78.7,37.5,20,6.1,1.3,5.2,No,Medium,Postgraduate,14.4,3,5,70.4
1618,Male,23,0.9,65.5,36.0,4,7.2,1.1,1.2,Yes,Medium,Graduate,6.0,3,6,27.6
1619,Male,17,6.2,56.0,76.7,19,6.1,8.0,1.6,No,Low,High School,1.4,4,7,72.8
1620,Female,22,7.6,83.8,36.2,4,8.2,6.5,6.4,Yes,Medium,Postgraduate,19.4,7,3,61.8
1621,Female,21,8.0,86.4,55.6,2,8.1,6.3,2.5,Yes,High,Graduate,16.7,10,6,75.9
1622,Female,23,4.2,64.4,75.7,8,8.7,2.5,2.6,No,High,High School,20.3,2,5,53.3
1623,Male,23,7.0,77.8,84.6,17,7.8,2.6,6.6,No,Low,Graduate,29.4,6,9,82.3
1624,Female,20,6.7,78.3,50.1,0,8.4,6.7,3.6,Yes,High,Graduate,23.4,9,8,53.3
1625,Male,22,5.1,64.8,87.2,8,5.9,7.1,5.2,Yes,High,Graduate,10.3,10,6,72.9
1626,Female,19,0.9,99.8,37.0,5,6.9,3.8,1.6,Yes,High,High School,21.2,1,1,36.3
1627,Male,18,3.9,96.2,65.9,4,8.3,5.1,2.3,No,Low,Graduate,17.2,6,1,59.3
1628,Male,22,3.1,70.9,77.6,20,4.5,7.9,0.7,Yes,Low,High School,27.4,3,9,54.2
1629,Male,18,5.0,89.7,78.3,7,8.2,6.3,4.5,Yes,Low,Postgraduate,11.2,6,4,63.6
1630,Female,19,0.7,99.7,45.5,11,5.3,4.2,2.2,No,Low,Postgraduate,2.5,9,7,49.8
1631,Male,20,3.2,65.1,47.1,11,6.1,3.4,1.0,No,Low,High School,14.8,7,1,58.5
1632,Male,18,7.3,68.7,87.2,10,7.9,2.5,3.4,No,Medium,High School,8.2,1,7,66.3
1633,Female,18,2.4,59.3,88.1,2,7.5,6.8,2.9,Yes,Medium,High School,15.9,7,3,54.9
1634,Male,23,4.4,78.0,84.4,14,6.3,1.1,4.5,Yes,Low,High School,27.8,1,7,62.6
1635,Male,19,5.0,97.7,62.5,15,8.7,3.2,0.7,No,Medium,High School,20.6,6,10,69.0
1636,Female,22,1.2,62.8,82.9,8,8.0,6.8,4.0,Yes,High,Graduate,19.9,9,9,52.2
1637,Male,18,0.9,71.6,86.4,12,5.8,1.3,4.9,Yes,Medium,High School,14.7,9,3,61.4
1638,Female,20,6.3,74.9,64.4,19,7.2,1.8,2.7,Yes,High,Postgraduate,6.9,10,1,88.5
1639,Male,18,2.7,74.6,73.7,7,8.6,1.6,0.7,No,Low,Graduate,5.3,3,10,44.1
1640,Male,18,4.9,97.7,94.0,19,5.1,7.3,6.7,No,Low,Postgraduate,18.8,2,8,70.0
1641,Female,24,6.1,87.9,65.8,19,5.2,1.7,4.1,Yes,High,Graduate,13.6,7,10,78.0
1642,Male,22,4.1,89.8,57.6,18,6.8,4.2,0.5,Yes,Low,Graduate,9.0,5,6,68.6
1643,Male,20,0.9,91.4,46.2,4,8.0,3.6,5.7,No,High,Graduate,26.5,4,9,30.4
1644,Male,21,1.8,69.2,60.2,12,4.7,5.5,0.8,No,High,Postgraduate,14.3,1,10,39.9
1645,Male,24,3.1,83.1,68.8,4,5.6,4.0,3.8,Yes,Low,High School,26.3,1,2,53.7
1646,Male,22,2.9,66.0,52.7,1,5.0,3.2,1.5,Yes,Low,High School,23.4,2,4,37.6
1647,Male,18,6.1,85.8,39.8,12,6.9,6.1,4.6,No,Low,Postgraduate,12.0,4,7,63.1
1648,Male,21,0.6,88.7,72.3,9,7.4,4.0,1.7,Yes,Low,Graduate,27.5,1,1,45.5
1649,Male,20,3.9,74.5,51.9,11,8.4,1.2,4.8,No,Low,Postgraduate,11.8,9,10,51.7
1650,Female,19,6.2,94.7,71.8,2,7.3,6.6,2.5,No,Medium,Graduate,12.3,5,6,63.6
1651,Male,23,1.4,63.4,62.0,2,5.6,4.1,4.9,Yes,High,Graduate,12.6,2,9,28.3
1652,Male,24,1.5,73.1,87.2,14,6.9,7.6,2.9,No,Low,High School,22.2,8,4,61.3
1653,Female,20,2.1,84.5,80.2,9,7.5,7.7,2.5,Yes,Low,Graduate,28.6,7,7,52.0
1654,Male,18,1.3,91.2,61.2,3,7.6,2.2,4.9,No,High,Postgraduate,13.2,6,3,42.9
1655,Female,17,7.2,73.7,65.2,8,6.2,3.6,6.9,Yes,Medium,Postgraduate,17.2,7,10,64.4
1656,Male,22,7.7,55.1,52.5,7,6.7,5.2,4.7,Yes,High,High School,23.6,7,4,68.7
1657,Male,21,5.8,97.7,42.2,20,5.3,7.5,3.0,Yes,Medium,Postgraduate,28.2,10,4,77.0
1658,Male,24,1.6,59.2,69.2,5,5.1,2.1,3.6,No,High,High School,25.6,9,4,42.5
1659,Male,22,4.1,85.5,68.1,16,7.5,6.8,3.6,Yes,Low,High School,15.2,5,10,62.2
1660,Male,17,1.3,79.6,60.8,10,8.9,3.5,5.3,No,Low,Graduate,7.1,9,10,45.0
1661,Female,22,6.5,93.4,89.5,10,6.3,2.7,7.0,No,Medium,High School,22.6,4,2,75.4
1662,Male,17,6.1,59.7,72.6,19,6.3,4.4,4.1,No,High,High School,21.2,2,2,74.7
1663,Male,23,1.4,64.3,86.9,15,4.8,7.9,2.8,Yes,Low,High School,14.6,3,2,54.9
1664,Female,22,7.0,69.8,71.4,1,5.9,5.2,0.9,No,High,High School,10.9,8,3,70.2
1665,Male,19,3.7,98.5,89.7,19,8.6,4.8,5.9,Yes,Medium,Graduate,4.1,3,8,72.5
1666,Male,18,6.6,58.1,72.8,5,6.0,7.2,0.9,Yes,High,High School,12.8,5,8,63.9
1667,Male,18,0.8,86.3,59.9,18,7.2,3.5,1.1,No,Medium,High School,23.5,4,9,44.3
1668,Female,21,5.0,55.4,83.6,15,7.2,4.6,5.3,No,High,Postgraduate,14.5,10,1,79.4
1669,Male,23,5.2,96.2,37.0,19,7.2,2.2,1.2,No,High,High School,2.9,8,4,70.1
1670,Male,19,2.0,98.3,64.6,13,6.5,4.3,1.4,No,Low,Postgraduate,6.0,8,4,63.1
1671,Male,19,1.8,93.3,52.0,19,6.9,6.5,5.2,Yes,Medium,Graduate,9.9,1,7,50.4
1672,Male,19,0.6,95.1,41.3,9,5.8,2.2,5.4,No,Low,Graduate,1.2,9,5,40.2
1673,Female,17,5.0,74.8,57.1,2,5.0,6.2,3.3,No,Low,Graduate,15.4,2,6,46.7
1674,Male,17,1.9,79.3,79.5,6,6.6,3.2,5.9,Yes,Medium,High School,20.4,3,5,50.1
1675,Male,19,6.7,58.2,75.5,10,6.2,5.3,1.7,Yes,Medium,Graduate,21.6,10,10,74.7
1676,Female,18,3.7,84.9,97.9,19,5.3,2.2,2.8,Yes,High,Postgraduate,23.7,4,9,68.9
1677,Female,19,1.9,85.5,87.7,7,8.0,3.1,2.3,Yes,Medium,Graduate,6.5,3,5,47.3
1678,Female,17,6.5,85.4,68.9,7,8.8,2.8,3.6,No,Medium,Graduate,6.1,2,9,59.6
1679,Male,22,2.4,80.3,59.2,19,8.8,4.9,2.7,Yes,High,Postgraduate,27.2,8,5,59.4
1680,Female,21,4.4,83.0,58.5,8,8.5,7.4,6.0,No,Low,Graduate,18.4,1,4,53.1
1681,Female,21,6.8,76.2,55.7,8,6.6,6.6,3.9,Yes,High,Postgraduate,28.5,1,1,67.8
1682,Female,24,2.1,67.4,52.9,19,7.4,5.7,3.9,Yes,Medium,Postgraduate,4.1,7,7,53.1
1683,Male,21,5.8,93.5,36.4,13,7.1,1.6,2.2,No,Low,Graduate,12.4,8,2,66.3
1684,Female,24,6.7,73.8,80.9,0,7.4,1.5,5.2,No,Medium,Postgraduate,26.7,7,1,72.4
1685,Female,22,5.6,64.2,78.7,11,7.2,5.5,3.3,Yes,High,Graduate,23.7,9,6,66.4
1686,Female,18,3.6,86.8,84.8,7,6.7,3.2,1.4,No,High,Postgraduate,18.0,5,3,66.4
1687,Female,23,7.2,91.1,42.8,1,8.3,3.3,6.9,Yes,Medium,Graduate,15.9,4,9,50.6
1688,Female,20,6.4,83.3,82.9,7,6.8,3.0,2.1,No,High,Graduate,7.4,7,9,73.6
1689,Male,21,5.9,58.8,83.5,4,6.5,5.0,4.4,No,Low,Postgraduate,15.2,2,10,54.9
1690,Female,21,3.1,71.9,64.9,6,6.2,3.9,0.8,Yes,High,Postgraduate,8.5,4,7,43.8
1691,Female,23,4.3,81.9,82.1,7,5.5,4.8,4.9,Yes,Medium,Postgraduate,25.4,3,4,57.9
1692,Male,23,7.3,75.2,48.8,3,8.5,3.1,6.1,Yes,Medium,High School,28.4,8,8,63.8
1693,Female,22,3.8,69.1,37.6,19,8.6,4.9,6.3,No,High,Graduate,19.9,8,8,52.9
1694,Male,20,7.6,92.8,79.9,4,7.1,6.9,3.4,No,Medium,Graduate,13.2,8,5,82.5
1695,Female,20,4.1,56.1,89.9,0,8.8,4.4,3.5,No,Low,High School,10.2,2,5,50.4
1696,Male,23,4.0,64.3,83.9,1,7.3,1.4,0.7,No,Medium,Graduate,22.1,1,10,46.5
1697,Male,20,1.6,88.5,80.5,10,5.6,7.9,5.7,Yes,Medium,Graduate,29.5,7,6,52.3
1698,Male,21,5.2,96.2,77.3,0,8.4,1.3,3.5,No,Medium,High School,3.3,10,2,66.3
1699,Female,21,5.7,81.9,70.8,12,8.3,8.0,1.1,No,Medium,High School,10.0,2,6,65.1
1700,Female,23,2.8,75.2,93.2,16,7.4,5.5,3.8,No,High,High School,21.5,1,5,63.7
1701,Male,20,0.6,71.8,43.4,12,6.0,5.2,2.9,Yes,Low,Postgraduate,6.2,9,10,33.9
1702,Male,18,5.8,77.3,92.2,0,5.9,6.9,4.9,No,Low,Graduate,2.9,10,9,64.8
1703,Female,24,7.1,78.9,58.7,9,6.7,4.2,2.1,No,Low,Graduate,14.2,9,10,71.7
1704,Female,20,7.0,92.2,35.2,10,7.2,3.0,0.6,No,Low,Postgraduate,27.6,3,4,66.9
1705,Male,22,5.6,89.0,60.6,9,8.7,7.1,3.6,Yes,High,Postgraduate,6.4,2,4,58.5
1706,Female,19,1.6,78.1,47.3,13,8.0,4.7,1.0,Yes,Medium,Postgraduate,18.5,4,10,43.9
1707,Female,22,3.1,83.0,74.1,18,6.9,5.9,4.9,No,High,High School,11.9,2,3,68.1
1708,Male,17,3.1,82.9,48.6,6,8.7,1.7,1.9,Yes,High,High School,24.8,9,10,42.7
1709,Female,20,7.0,63.5,43.0,19,8.9,2.2,6.4,Yes,High,Postgraduate,27.8,2,10,63.5
1710,Male,22,1.8,78.2,44.7,6,5.8,7.9,2.4,No,Medium,High School,25.6,7,2,42.7
1711,Male,17,7.6,69.4,37.5,1,8.1,3.1,3.4,No,Medium,Postgraduate,16.9,9,2,66.1
1712,Male,18,5.5,69.1,63.8,13,5.6,6.6,2.6,Yes,Medium,Postgraduate,25.9,5,2,71.7
1713,Male,23,5.0,70.4,38.5,9,7.6,7.5,6.5,No,High,Postgraduate,3.7,2,1,51.3
1714,Female,19,0.9,88.9,87.9,16,7.4,2.1,2.1,Yes,High,High School,19.4,2,7,53.8
1715,Male,21,4.2,96.8,60.3,20,8.0,6.8,4.2,No,High,Postgraduate,3.5,7,3,70.2
1716,Female,17,0.5,70.5,49.5,20,7.4,7.6,4.6,Yes,Low,High School,1.9,8,3,55.1
1717,Male,19,7.7,84.7,92.5,8,7.0,5.3,5.3,No,Low,Graduate,10.7,5,4,81.9
1718,Female,17,7.3,91.5,55.9,16,8.5,6.6,0.6,No,High,High School,6.0,3,9,69.9
1719,Male,17,7.5,63.2,35.8,11,8.3,7.2,2.2,No,Low,Postgraduate,15.6,7,10,64.9
1720,Male,24,6.0,77.7,62.4,8,5.4,1.7,3.0,No,High,Graduate,11.1,6,7,66.3
1721,Male,17,5.7,96.0,73.6,7,4.8,3.7,6.7,Yes,Low,Postgraduate,26.2,7,3,74.5
1722,Male,17,4.7,55.4,52.6,18,5.7,6.3,6.4,Yes,Medium,High School,23.0,2,10,51.5
1723,Male,21,6.0,93.6,67.8,10,7.8,4.9,6.7,No,High,Postgraduate,2.4,10,5,72.7
1724,Male,22,3.2,68.8,43.1,7,7.1,7.2,6.7,Yes,Low,Postgraduate,22.2,7,8,39.1
1725,Male,19,4.2,91.4,51.1,16,7.9,3.8,4.6,No,High,Postgraduate,16.5,7,6,63.0
1726,Male,22,1.9,94.9,68.1,5,7.7,7.3,5.4,Yes,Low,Graduate,27.1,2,9,37.3
1727,Female,22,4.4,74.2,80.8,13,6.7,3.9,3.7,Yes,Medium,Graduate,22.3,1,10,60.9
1728,Female,19,4.8,92.4,64.9,4,4.9,3.5,1.8,No,Medium,Postgraduate,21.5,8,6,64.9
1729,Male,18,7.7,58.9,78.2,20,5.8,4.7,4.9,No,Medium,Graduate,10.7,3,7,77.5
1730,Female,20,2.5,73.3,84.6,2,8.0,6.5,3.3,Yes,Low,Postgraduate,28.7,2,10,39.6
1731,Male,19,3.1,77.7,46.6,3,6.3,2.3,0.7,No,Low,High School,16.2,6,10,38.7
1732,Female,17,6.2,90.6,48.5,19,5.3,3.7,4.1,Yes,High,Postgraduate,29.2,10,9,77.5
1733,Female,23,2.6,90.7,47.4,9,7.0,1.5,6.1,No,High,Graduate,4.0,4,8,45.6
1734,Female,21,3.1,66.8,61.3,0,6.1,5.1,6.3,No,High,Postgraduate,5.0,1,10,34.7
1735,Male,22,1.5,83.3,82.2,12,8.7,7.0,2.4,No,Medium,Postgraduate,19.2,10,2,61.0
1736,Male,20,5.6,91.1,58.0,1,5.3,1.6,6.2,Yes,High,Graduate,14.2,6,6,58.1
1737,Female,21,7.1,79.7,40.6,5,6.2,3.9,1.9,No,Low,Graduate,17.3,10,6,64.4
1738,Male,24,6.3,56.0,65.3,10,4.9,6.5,4.2,No,Medium,Graduate,3.0,10,2,74.0
1739,Male,20,4.8,86.0,53.8,9,7.2,2.2,1.8,No,High,Postgraduate,14.8,2,7,57.7
1740,Female,20,3.8,74.5,58.9,10,7.1,1.3,0.6,No,Low,Graduate,16.6,6,5,58.8
1741,Male,24,5.4,59.6,89.2,18,5.3,2.0,0.5,No,High,High School,9.7,10,5,83.6
1742,Female,24,1.3,64.5,72.4,14,5.1,1.4,0.8,Yes,Medium,Postgraduate,28.9,2,6,46.8
1743,Female,23,2.3,58.2,91.3,8,7.6,4.4,1.6,No,Low,High School,10.9,6,8,55.9
1744,Female,19,5.4,87.9,65.7,3,6.3,3.3,4.7,Yes,Low,Postgraduate,11.6,8,4,65.5
1745,Female,18,3.3,79.9,87.5,18,8.0,6.9,3.7,No,Medium,High School,5.5,10,5,78.8
1746,Female,24,7.2,78.9,92.3,20,7.4,6.4,3.2,Yes,Medium,High School,14.5,4,4,91.1
1747,Male,21,2.4,91.3,97.8,14,7.4,1.7,5.2,Yes,High,Graduate,21.7,8,10,64.1
1748,Male,20,4.8,99.8,67.6,6,6.7,3.0,5.1,No,Low,High School,3.3,7,1,65.2
1749,Female,17,3.1,85.5,76.5,1,7.9,4.1,0.7,No,High,Graduate,21.3,7,8,51.1
1750,Male,23,1.8,78.8,54.8,3,6.3,5.9,1.2,No,Medium,Postgraduate,8.2,6,10,39.1
1751,Female,17,8.0,90.6,65.7,7,6.2,5.7,2.8,No,Low,High School,16.5,9,10,73.5
1752,Male,17,2.1,90.1,95.9,7,8.1,6.7,5.4,No,Medium,High School,15.3,10,1,63.9
1753,Male,21,2.8,82.7,62.2,7,5.9,6.0,5.2,Yes,Low,Postgraduate,23.3,7,8,51.8
1754,Male,23,7.8,85.0,76.8,14,7.5,2.6,2.9,Yes,High,High School,29.3,7,6,84.6
1755,Female,23,3.1,97.7,77.2,7,8.5,4.3,4.3,Yes,Low,High School,20.5,5,2,58.5
1756,Female,19,7.7,90.9,45.5,8,7.3,2.2,6.1,No,High,Graduate,12.4,7,2,77.6
1757,Female,21,6.2,69.3,95.7,20,7.3,3.6,2.9,No,Low,High School,16.1,4,3,83.6
1758,Male,17,6.5,85.9,76.9,10,4.9,3.7,3.4,Yes,High,Postgraduate,19.7,9,1,84.3
1759,Female,23,1.3,81.7,63.0,13,6.8,6.5,4.0,Yes,Low,High School,28.4,5,8,51.1
1760,Male,23,2.5,78.5,47.5,10,5.7,1.4,1.1,Yes,Low,High School,15.7,3,8,38.4
1761,Male,24,7.1,72.8,53.3,15,4.7,5.0,6.9,No,Low,Postgraduate,18.5,8,7,66.5
1762,Female,17,0.5,73.9,65.4,2,7.4,2.3,1.1,No,Low,Postgraduate,12.3,3,1,35.8
1763,Female,21,4.8,57.0,90.8,5,6.2,3.1,2.6,Yes,High,Postgraduate,3.4,7,5,64.4
1764,Female,17,0.8,87.3,78.1,7,7.2,1.1,5.6,Yes,Medium,High School,10.8,5,10,36.5
1765,Male,23,5.5,60.2,95.6,14,7.6,1.9,0.9,Yes,High,Graduate,14.5,6,9,71.3
1766,Female,19,0.6,67.5,42.4,10,8.7,1.5,2.1,No,Low,High School,6.1,7,3,43.5
1767,Male,20,3.7,88.1,82.7,17,7.7,4.2,5.7,No,High,High School,22.9,9,1,74.8
1768,Female,21,6.7,63.6,87.9,20,4.9,3.9,3.4,No,High,High School,23.4,6,2,86.4
1769,Male,22,5.8,60.5,90.2,2,5.9,7.4,5.5,No,High,Postgraduate,17.9,3,9,52.4
1770,Female,17,4.1,81.0,93.7,10,8.1,7.0,3.4,Yes,Low,Graduate,12.9,8,8,63.7
1771,Female,21,3.9,57.6,71.1,2,5.1,7.4,5.0,Yes,High,Postgraduate,17.1,1,6,37.9
1772,Female,17,2.9,65.8,59.3,8,5.0,4.9,5.5,Yes,Medium,Graduate,7.5,7,8,45.5
1773,Female,20,2.9,97.9,88.1,18,8.1,4.2,4.6,Yes,Low,High School,6.1,4,2,74.2
1774,Male,21,4.9,73.9,87.2,14,6.0,6.3,3.7,No,High,High School,18.0,5,6,66.5
1775,Female,19,5.8,99.2,80.7,6,8.3,4.8,6.9,No,Low,Graduate,18.2,7,1,79.0
1776,Female,24,6.9,95.1,57.7,18,7.7,3.1,3.6,No,Medium,Graduate,11.5,2,2,74.7
1777,Female,21,5.6,70.8,56.5,4,6.8,6.5,1.5,Yes,Low,Postgraduate,1.3,7,10,50.2
1778,Female,18,4.3,98.0,59.0,11,7.8,1.1,3.3,Yes,High,High School,28.0,10,10,59.9
1779,Male,23,6.4,76.4,74.4,14,8.5,7.2,3.4,Yes,Medium,High School,15.4,6,8,67.9
1780,Male,19,4.9,94.6,85.9,14,4.8,6.5,0.9,No,Low,High School,20.2,8,4,83.6
1781,Male,20,0.7,79.3,91.8,5,5.8,2.1,1.8,No,Medium,Graduate,1.7,4,1,54.0
1782,Male,20,3.5,86.9,36.7,12,7.0,7.8,5.1,No,Medium,Postgraduate,26.5,1,7,45.3
1783,Female,21,2.9,61.3,54.2,4,6.8,2.7,5.2,No,Medium,Postgraduate,14.9,1,1,44.1
1784,Female,21,7.6,66.0,42.3,18,7.3,6.4,3.9,Yes,High,High School,10.4,1,5,64.2
1785,Female,23,7.8,73.5,97.6,4,6.1,6.6,3.6,Yes,High,High School,2.2,7,9,75.7
1786,Female,23,5.9,97.8,45.6,7,8.5,7.4,0.7,No,Low,Postgraduate,23.5,2,10,57.5
1787,Male,21,5.5,79.3,64.7,16,8.0,2.1,6.3,Yes,Medium,Postgraduate,11.5,8,4,76.7
1788,Male,24,3.6,80.9,42.1,18,6.3,3.1,3.3,Yes,Low,Graduate,3.3,4,4,60.7
1789,Female,22,0.8,78.7,54.7,2,5.2,1.1,4.9,No,Medium,Graduate,2.9,1,2,34.9
1790,Male,18,2.6,77.4,43.7,2,4.7,7.2,3.1,No,Low,Graduate,20.7,3,8,31.1
1791,Male,20,4.8,66.4,45.8,1,5.5,6.0,0.9,Yes,High,Graduate,15.7,9,6,48.0
1792,Female,24,4.2,95.6,78.4,6,6.3,6.0,0.6,Yes,Low,High School,12.6,1,2,64.8
1793,Male,23,1.1,88.4,68.5,16,7.7,5.3,3.5,No,High,Graduate,20.4,2,6,45.4
1794,Male,24,0.7,60.8,39.6,4,4.7,6.9,1.5,Yes,Medium,Postgraduate,19.8,6,3,29.1
1795,Male,23,2.0,76.4,56.4,5,7.2,1.7,4.0,Yes,High,Postgraduate,13.9,6,6,46.1
1796,Female,24,2.6,62.4,36.2,14,6.0,7.6,2.5,Yes,High,Graduate,5.6,2,5,45.9
1797,Male,23,1.5,82.1,67.6,17,5.6,1.5,2.5,No,Medium,High School,26.6,10,8,60.8
1798,Female,22,2.4,63.6,54.3,20,8.5,7.0,4.5,No,Low,Graduate,27.2,8,9,54.0
1799,Male,21,6.1,93.3,49.0,16,8.4,5.5,5.9,Yes,High,Graduate,4.6,10,10,65.7
1800,Female,24,4.0,93.9,95.5,20,4.6,1.3,2.4,Yes,Medium,Graduate,4.7,10,2,86.5
1801,Male,17,7.1,73.2,78.8,4,5.1,2.8,1.5,Yes,High,Graduate,27.8,1,4,64.2
1802,Male,23,5.2,57.6,41.3,10,5.2,2.7,6.6,No,Low,Graduate,15.2,2,8,41.1
1803,Male,22,7.0,73.9,96.1,0,8.5,5.4,3.9,No,Medium,Graduate,5.7,3,10,65.2
1804,Male,22,4.8,83.7,87.5,20,7.9,5.3,4.9,Yes,High,High School,23.9,8,8,80.9
1805,Male,17,1.7,89.6,45.3,9,6.6,6.5,3.1,Yes,High,Postgraduate,2.6,1,1,46.3
1806,Male,21,2.8,75.4,39.3,20,5.9,2.0,3.8,Yes,High,High School,4.6,4,6,50.7
1807,Male,21,5.1,81.9,80.6,1,7.8,4.1,2.9,Yes,High,Postgraduate,12.6,5,10,51.9
1808,Male,22,0.6,69.4,48.4,18,8.4,6.5,5.0,No,Low,High School,25.0,3,9,37.5
1809,Male,23,6.7,59.4,48.9,0,8.7,2.6,2.7,No,Low,High School,5.4,4,1,53.0
1810,Female,17,6.2,97.0,36.4,18,6.9,2.3,5.8,No,Low,Graduate,2.4,3,1,68.5
1811,Male,21,2.4,60.9,41.0,0,6.7,1.6,6.7,Yes,Medium,High School,5.4,6,9,31.5
1812,Male,19,5.4,85.9,53.8,10,6.3,1.5,4.4,No,Low,Postgraduate,24.2,3,6,62.1
1813,Male,21,0.8,76.9,67.6,18,4.9,2.7,6.9,No,Low,Postgraduate,21.7,6,1,54.3
1814,Male,19,4.0,70.0,66.3,10,6.1,7.6,6.3,No,Medium,High School,1.5,7,7,59.0
1815,Male,17,6.4,60.4,60.9,2,7.5,7.1,4.8,No,Medium,High School,10.1,7,4,58.2
1816,Male,21,2.7,57.5,73.2,12,6.8,3.5,4.7,Yes,High,High School,21.1,10,8,55.3
1817,Male,19,3.7,96.1,66.8,18,4.7,1.3,6.5,No,High,Postgraduate,15.5,7,2,74.9
1818,Female,22,1.2,81.7,37.4,12,7.5,3.7,2.1,Yes,High,Postgraduate,11.2,9,2,48.7
1819,Male,23,3.7,81.8,97.6,20,4.7,5.1,2.7,No,Low,Postgraduate,2.0,7,9,73.7
1820,Male,24,4.1,62.0,65.8,0,7.8,7.9,1.2,Yes,Medium,Graduate,9.2,5,8,40.5
1821,Female,18,4.0,65.0,80.6,0,8.8,2.6,5.5,No,Medium,Graduate,18.6,10,8,57.7
1822,Female,24,2.0,75.8,40.0,12,6.7,5.0,6.6,No,Low,Postgraduate,10.8,7,9,40.9
1823,Female,20,4.2,59.5,61.8,11,6.4,3.5,4.4,Yes,High,High School,27.6,6,7,51.8
1824,Male,20,5.4,64.4,93.7,0,7.7,1.9,3.9,No,High,Graduate,15.0,6,7,58.3
1825,Female,24,2.3,85.5,41.3,15,7.6,4.4,4.3,Yes,Low,High School,5.2,3,7,41.9
1826,Male,17,5.5,61.2,58.6,9,6.0,1.2,0.9,Yes,High,Graduate,12.6,6,5,61.2
1827,Male,17,3.9,78.4,65.1,9,6.2,3.7,0.6,Yes,High,High School,9.4,5,4,58.7
1828,Female,22,2.8,82.7,74.0,7,8.9,4.4,6.8,No,Medium,Graduate,5.4,5,2,54.9
1829,Female,17,5.1,86.2,57.6,16,7.2,3.6,1.4,Yes,Low,High School,8.2,3,8,65.0
1830,Female,17,1.5,95.3,53.1,11,6.2,4.3,6.0,No,Low,Postgraduate,25.7,2,3,44.5
1831,Male,19,1.7,93.8,90.6,0,6.0,3.9,3.3,No,High,Postgraduate,9.5,9,2,61.5
1832,Female,21,2.6,83.6,37.1,17,6.2,2.4,1.0,No,Medium,High School,1.4,3,8,45.4
1833,Male,24,1.7,99.0,78.7,4,5.6,4.8,3.1,Yes,Medium,Graduate,2.2,2,4,52.3
1834,Male,20,7.6,92.7,89.9,17,4.6,2.1,4.9,No,Low,Graduate,3.5,10,2,100
1835,Female,23,2.5,96.9,84.6,16,7.1,6.2,5.9,Yes,Medium,Postgraduate,15.1,10,10,62.0
1836,Male,18,4.7,85.1,48.3,2,8.9,2.5,1.0,Yes,Medium,High School,28.5,2,4,50.9
1837,Male,22,3.1,58.9,79.3,5,5.9,1.8,6.2,No,Low,Postgraduate,22.6,1,5,42.6
1838,Male,18,6.4,91.3,91.9,14,5.0,5.6,3.8,No,Medium,Graduate,8.9,9,4,83.2
1839,Male,20,4.1,97.6,44.6,10,7.5,4.3,2.2,Yes,Medium,Graduate,8.5,1,8,50.9
1840,Female,18,5.2,82.6,96.1,14,4.5,7.6,2.1,Yes,High,Graduate,28.9,2,4,72.1
1841,Female,23,1.0,92.5,36.1,5,6.4,6.7,2.8,Yes,Low,Postgraduate,25.3,2,9,23.4
1842,Female,21,1.1,99.8,73.0,20,6.0,3.8,1.1,Yes,Low,Graduate,13.8,6,4,62.8
1843,Female,18,7.6,73.0,72.8,17,6.2,5.4,4.3,No,Low,Postgraduate,8.1,9,10,78.1
1844,Female,21,6.6,56.1,38.4,14,8.1,1.0,1.0,Yes,Low,High School,13.9,8,4,67.9
1845,Male,18,1.3,96.9,39.7,3,7.1,6.3,5.9,No,Medium,Graduate,3.5,1,5,32.2
1846,Female,22,7.8,71.1,88.5,13,6.5,2.6,2.0,No,Low,High School,17.5,9,5,89.0
1847,Male,23,1.3,89.9,36.7,6,7.8,3.5,6.4,No,Medium,High School,21.9,1,5,32.5
1848,Female,19,5.9,98.1,73.6,20,8.2,2.6,7.0,No,High,Graduate,21.8,4,10,76.4
1849,Male,24,1.6,96.3,84.9,17,8.2,6.9,2.9,No,High,Graduate,20.2,6,4,69.3
1850,Male,23,2.5,58.5,93.3,7,5.7,2.4,1.3,Yes,Medium,Graduate,17.2,8,10,51.0
1851,Female,20,1.3,94.3,87.0,14,7.2,1.8,5.2,No,Medium,Graduate,9.8,7,3,62.0
1852,Male,20,2.1,81.7,78.7,14,4.6,7.6,4.8,No,High,High School,14.8,6,6,57.2
1853,Male,22,6.8,59.5,69.1,12,6.3,6.2,6.8,Yes,High,High School,12.3,6,6,64.3
1854,Male,24,0.9,57.2,40.1,3,7.5,6.2,1.0,Yes,High,Graduate,23.8,6,7,23.2
1855,Male,21,7.8,88.6,74.5,2,5.1,1.6,2.0,No,High,Postgraduate,2.5,1,9,62.4
1856,Female,18,5.6,97.8,92.5,17,8.3,4.3,1.8,No,High,Graduate,28.5,4,2,80.5
1857,Male,19,2.3,99.6,88.9,11,8.9,6.1,1.0,Yes,Medium,High School,22.8,3,3,67.6
1858,Female,21,4.4,99.3,86.8,3,6.7,1.4,4.6,Yes,High,Postgraduate,13.7,4,1,63.2
1859,Male,19,2.3,77.8,55.0,20,7.2,1.5,6.0,Yes,High,Postgraduate,3.0,7,5,53.7
1860,Male,23,4.8,65.3,46.3,10,5.1,7.3,1.5,Yes,Medium,Postgraduate,8.5,7,8,57.2
1861,Female,20,6.8,80.5,88.3,5,8.7,3.2,6.4,No,High,Postgraduate,16.7,7,5,71.1
1862,Male,22,4.3,94.2,90.7,2,5.9,7.8,1.9,No,Medium,High School,25.4,7,5,60.4
1863,Male,19,2.9,70.6,77.5,1,8.0,7.4,5.0,No,High,High School,21.0,3,8,41.9
1864,Male,19,0.6,87.8,95.1,7,6.6,1.8,1.7,Yes,Medium,Postgraduate,9.6,7,7,54.2
1865,Male,22,4.5,55.3,74.2,11,7.5,5.1,6.7,No,High,Graduate,23.1,8,4,65.1
1866,Female,24,1.0,98.3,86.4,8,7.7,2.9,1.1,Yes,Low,Postgraduate,16.3,2,8,48.6
1867,Male,20,1.6,71.0,95.3,14,8.4,1.7,1.5,Yes,Low,High School,16.7,9,5,66.4
1868,Female,20,3.2,98.0,37.0,16,7.6,5.0,1.6,Yes,Low,High School,26.8,5,9,48.3
1869,Male,19,5.6,78.5,47.8,5,7.4,2.6,3.3,Yes,Medium,High School,1.2,6,5,57.7
1870,Female,20,5.1,93.0,69.7,4,7.0,2.8,4.9,No,Medium,High School,5.6,7,3,65.6
1871,Female,19,6.0,69.7,55.9,0,4.6,3.5,1.0,Yes,Medium,High School,7.0,9,2,62.3
1872,Male,21,0.9,64.4,35.7,14,5.1,2.7,0.7,Yes,High,Graduate,6.7,9,4,39.0
1873,Female,23,3.9,91.3,71.2,13,8.0,2.0,6.7,Yes,Low,Graduate,25.4,1,10,48.9
1874,Female,18,6.4,82.5,87.7,15,7.8,3.1,2.1,Yes,Medium,High School,13.6,1,5,74.2
1875,Male,24,2.5,75.9,36.9,17,5.8,6.5,2.7,No,Medium,High School,17.8,1,2,47.1
1876,Female,23,3.6,86.2,67.5,18,5.1,1.7,2.8,Yes,High,Postgraduate,23.4,6,1,73.0
1877,Male,24,1.4,92.6,79.6,11,5.2,2.7,1.6,No,High,Graduate,7.8,9,1,62.4
1878,Male,18,7.4,88.3,95.1,9,6.7,3.8,6.6,Yes,Medium,High School,24.7,4,10,72.3
1879,Female,21,2.9,85.9,87.6,14,6.5,4.8,4.0,Yes,Low,High School,8.4,7,1,69.3
1880,Female,19,7.7,91.1,68.6,16,4.5,6.3,3.6,Yes,High,High School,11.7,9,7,80.1
1881,Female,24,5.8,98.2,83.4,11,7.2,2.3,2.6,No,High,Postgraduate,29.5,6,10,70.6
1882,Male,24,1.2,85.6,84.5,18,8.1,2.6,5.1,No,Medium,Postgraduate,4.0,6,8,57.1
1883,Male,19,8.0,55.0,70.9,11,8.9,5.0,6.4,Yes,Low,High School,12.0,1,2,74.4
1884,Male,17,4.4,90.0,38.8,16,5.4,4.2,4.9,No,Medium,Graduate,27.2,2,3,60.0
1885,Female,23,6.1,88.6,81.0,18,7.2,5.5,4.3,Yes,Low,High School,16.1,10,3,88.6
1886,Male,21,4.1,79.3,67.7,11,8.5,2.0,2.9,Yes,High,Graduate,12.5,9,10,60.3
1887,Female,21,2.3,87.0,91.5,0,7.4,4.3,3.7,No,Medium,Postgraduate,27.1,5,10,46.8
1888,Female,21,5.4,94.1,54.5,3,8.3,1.3,3.1,Yes,Medium,Graduate,25.1,3,7,49.8
1889,Male,24,8.0,59.9,59.6,8,5.6,5.1,6.5,No,Medium,Postgraduate,25.8,4,10,60.5
1890,Female,20,3.9,89.0,93.1,15,6.0,5.7,5.7,No,High,High School,15.2,2,7,65.2
1891,Male,22,7.7,64.5,97.8,20,7.5,6.6,6.0,Yes,High,Postgraduate,1.1,8,7,85.8
1892,Male,23,4.3,64.8,71.8,4,5.4,6.0,3.8,No,Low,Postgraduate,10.7,5,1,55.6
1893,Female,22,6.2,87.8,49.1,4,8.7,5.8,3.1,Yes,Medium,Postgraduate,14.1,4,3,60.3
1894,Male,20,2.5,86.0,46.9,4,5.6,4.4,1.0,No,Medium,Graduate,11.0,7,10,38.4
1895,Female,21,3.9,99.5,92.5,4,4.7,3.9,3.6,No,High,Graduate,24.2,2,4,60.2
1896,Male,23,6.5,60.0,45.1,17,7.0,7.5,4.4,No,Low,Graduate,22.3,3,8,62.3
1897,Female,22,1.3,61.9,89.8,17,7.4,5.6,4.6,Yes,High,High School,28.2,6,7,54.1
1898,Female,24,3.3,69.6,94.2,18,6.0,1.9,3.2,No,Low,High School,19.7,6,7,63.5
1899,Male,23,4.2,93.6,47.1,19,4.8,5.7,3.2,No,High,Postgraduate,29.5,1,9,52.2
1900,Female,17,6.8,97.7,61.7,18,4.6,7.6,1.7,No,Low,Graduate,23.4,1,10,68.4
1901,Male,20,0.8,83.9,92.7,0,8.6,1.5,2.7,No,Medium,Postgraduate,2.0,2,3,38.9
1902,Male,18,3.8,76.4,45.3,3,6.2,6.1,4.1,Yes,High,Graduate,23.7,4,4,48.0
1903,Male,19,5.1,60.1,88.6,7,4.6,1.6,1.6,Yes,High,Graduate,13.9,7,1,73.4
1904,Male,17,2.6,75.4,38.4,9,7.3,3.3,5.3,No,Low,High School,5.6,9,8,47.3
1905,Female,21,5.5,92.4,82.1,0,8.8,7.9,1.6,No,High,Graduate,11.6,10,9,60.4
1906,Female,24,4.8,61.2,90.5,15,6.3,6.9,3.2,Yes,High,Postgraduate,8.5,1,7,67.4
1907,Female,17,6.6,70.4,57.8,6,6.5,4.3,2.1,No,Low,Postgraduate,21.3,8,9,65.7
1908,Male,21,2.5,69.3,64.5,1,9.0,1.6,6.4,Yes,Medium,Postgraduate,2.8,9,9,42.2
1909,Male,17,5.0,78.1,97.3,12,7.6,1.5,4.7,No,Low,Graduate,3.2,7,5,71.7
1910,Female,22,4.4,74.1,56.1,12,6.9,1.1,1.8,Yes,Low,Graduate,17.9,7,7,57.1
1911,Female,17,1.9,60.5,46.0,8,5.1,5.8,2.0,Yes,High,Postgraduate,3.5,6,5,36.1
1912,Female,24,5.1,85.6,70.0,16,6.5,7.5,1.3,Yes,Medium,High School,2.1,1,9,64.9
1913,Female,23,4.0,59.7,94.8,15,8.2,1.4,2.0,No,High,High School,19.8,7,9,66.9
1914,Male,18,2.7,58.7,38.4,2,4.9,7.5,4.2,No,High,Postgraduate,11.5,1,1,35.6
1915,Male,17,5.9,55.5,38.0,11,7.5,5.0,1.6,Yes,High,Graduate,11.6,4,10,45.9
1916,Female,22,5.2,82.1,51.9,14,7.5,5.6,6.1,No,High,Graduate,8.4,6,4,68.8
1917,Female,18,6.2,70.6,59.2,19,7.9,2.8,4.7,No,High,High School,13.8,1,5,63.5
1918,Female,23,0.8,90.7,77.8,11,4.9,7.3,1.7,No,High,Postgraduate,23.4,8,10,52.0
1919,Female,21,5.7,75.1,68.6,12,8.0,1.0,3.9,Yes,Medium,Postgraduate,9.6,6,8,68.5
1920,Female,17,5.9,78.2,40.0,8,7.1,1.2,0.9,No,Medium,Graduate,8.7,6,9,53.6
1921,Male,18,0.7,82.8,70.1,6,5.3,3.6,2.1,Yes,Low,Postgraduate,28.9,3,8,39.8
1922,Female,20,7.3,78.3,85.4,2,8.8,2.8,4.9,Yes,Low,High School,11.4,9,10,70.2
1923,Male,19,4.8,60.3,77.0,1,8.2,4.2,5.0,Yes,High,Graduate,8.7,5,9,44.0
1924,Female,18,3.1,98.6,66.2,4,4.5,7.0,2.4,Yes,Low,Graduate,14.6,3,10,44.7
1925,Female,21,5.6,82.4,69.0,14,5.9,1.0,1.6,No,Low,High School,8.6,4,8,70.9
1926,Female,24,1.1,63.2,56.2,1,8.1,3.4,1.4,No,Medium,Graduate,9.5,3,7,28.0
1927,Male,23,3.0,66.6,63.5,9,8.8,2.6,0.5,Yes,High,Graduate,28.9,10,3,61.4
1928,Male,19,3.8,86.3,56.0,2,8.9,5.1,2.1,No,High,Graduate,23.8,4,9,44.9
1929,Female,19,4.1,65.9,80.3,11,6.3,7.4,1.0,Yes,High,High School,26.2,6,7,61.5
1930,Male,19,1.0,97.4,64.3,13,6.0,2.8,0.7,Yes,Medium,Postgraduate,27.8,6,4,50.3
1931,Male,21,2.3,57.4,87.7,5,8.1,7.4,5.2,No,Medium,Graduate,13.1,8,2,56.0
1932,Female,17,7.0,91.0,41.6,20,4.8,4.8,0.6,No,Medium,High School,10.2,9,3,82.8
1933,Male,19,7.1,70.6,89.3,10,6.8,3.6,2.8,Yes,Medium,High School,3.2,6,5,74.0
1934,Female,19,1.8,84.8,79.4,12,6.4,1.3,6.5,Yes,High,Postgraduate,29.7,10,5,59.5
1935,Female,18,3.9,56.6,44.7,7,4.9,2.5,4.9,Yes,Low,Postgraduate,5.6,10,9,46.8
1936,Female,22,0.6,94.0,94.5,16,6.5,3.1,5.6,Yes,Medium,High School,16.3,8,9,57.8
1937,Female,18,6.0,99.2,80.5,4,4.5,8.0,3.6,Yes,Medium,High School,20.3,9,4,77.9
1938,Female,19,2.2,65.0,75.2,11,8.2,6.3,6.9,Yes,High,High School,25.9,6,8,45.7
1939,Male,19,6.9,75.4,75.6,1,4.8,3.3,2.7,No,Low,Postgraduate,19.4,6,10,59.8
1940,Male,22,6.7,62.7,56.7,14,8.7,1.2,5.1,No,Medium,Graduate,27.3,5,1,74.7
1941,Male,23,4.4,87.7,79.1,7,8.9,6.6,6.3,No,High,Postgraduate,25.8,8,1,67.5
1942,Male,21,1.0,90.5,61.5,9,6.3,5.5,2.0,No,High,Postgraduate,27.9,7,6,46.4
1943,Female,22,2.5,85.2,66.5,7,5.4,6.0,4.6,No,High,Graduate,1.8,2,3,47.2
1944,Male,24,5.4,74.0,45.2,19,5.7,3.2,6.0,No,Low,Postgraduate,17.1,5,3,66.3
1945,Female,18,2.9,57.7,43.1,1,5.5,7.7,4.2,No,Low,Postgraduate,7.5,1,2,31.8
1946,Male,20,3.2,79.7,38.4,17,8.0,1.5,4.0,No,Medium,High School,10.5,1,2,51.5
1947,Female,22,3.9,60.8,76.3,15,5.2,6.4,1.0,No,High,Postgraduate,20.4,6,7,60.0
1948,Male,23,2.7,98.2,56.5,10,7.3,3.6,2.9,Yes,High,Postgraduate,19.3,6,6,58.4
1949,Female,19,3.8,68.5,58.0,9,8.5,4.9,4.6,Yes,Medium,Postgraduate,23.4,3,6,45.5
1950,Female,24,5.3,77.5,83.8,2,6.3,3.2,6.2,No,High,Graduate,10.3,10,3,64.6
1951,Male,21,1.0,64.2,84.7,4,6.6,3.7,4.5,Yes,Low,Postgraduate,11.5,5,8,36.9
1952,Female,20,6.9,62.8,94.0,5,7.8,3.0,6.9,No,High,High School,17.7,1,3,67.8
1953,Female,17,1.2,90.9,40.6,17,8.6,3.5,5.9,Yes,Medium,Graduate,18.6,3,6,43.5
1954,Male,18,2.4,61.1,92.4,7,8.6,3.3,3.1,Yes,Medium,Postgraduate,28.9,2,9,49.8
1955,Female,23,7.8,66.8,66.6,11,6.6,2.4,4.4,No,Low,High School,15.3,10,7,79.3
1956,Male,17,2.7,60.8,83.4,4,4.6,2.2,1.1,Yes,Medium,Postgraduate,25.9,4,9,39.1
1957,Female,21,4.7,62.3,68.1,19,4.7,4.8,3.9,No,Low,High School,4.4,2,10,56.5
1958,Male,18,4.8,85.4,89.7,1,6.8,1.5,1.9,No,Low,High School,23.1,6,7,65.7
1959,Male,18,7.1,83.2,65.8,9,8.9,6.0,5.0,Yes,High,Graduate,9.4,2,8,60.1
1960,Female,22,2.9,94.0,42.1,6,8.0,1.2,6.3,No,Low,Graduate,3.2,4,5,48.5
1961,Female,19,7.2,76.4,59.6,1,8.2,4.5,2.8,Yes,Low,Graduate,22.9,3,6,60.7
1962,Female,17,2.1,72.7,87.6,15,8.8,4.5,1.0,Yes,High,Postgraduate,12.0,1,6,57.2
1963,Female,23,6.3,57.7,60.1,14,4.6,3.4,4.4,Yes,High,High School,29.6,7,10,66.1
1964,Male,21,2.4,86.1,38.7,15,5.0,5.8,3.9,Yes,High,Graduate,6.7,1,1,50.3
1965,Male,19,1.9,68.4,88.2,12,6.0,4.7,3.7,Yes,Medium,Graduate,18.4,5,9,53.8
1966,Female,21,0.5,81.0,46.7,16,8.3,3.3,4.0,No,Medium,High School,7.1,3,6,41.7
1967,Male,24,6.3,95.2,95.2,0,8.8,7.4,3.9,Yes,Medium,Postgraduate,25.4,3,4,68.7
1968,Female,21,1.9,97.9,68.5,1,5.7,2.6,2.2,No,High,Graduate,28.4,6,9,41.1
1969,Female,24,2.5,72.7,65.9,2,5.1,3.8,1.2,No,Low,High School,8.5,6,6,47.9
1970,Male,23,4.4,55.2,41.5,8,5.6,1.6,3.4,Yes,Low,Graduate,16.6,9,2,57.9
1971,Male,22,1.4,68.8,92.8,6,8.4,1.5,3.9,No,Medium,Postgraduate,19.3,3,7,48.0
1972,Male,21,3.3,70.8,51.3,12,6.8,2.7,3.8,Yes,Low,Graduate,26.4,5,4,53.4
1973,Male,18,5.6,83.4,54.8,10,8.3,3.5,3.2,Yes,High,Graduate,19.7,7,1,65.3
1974,Female,20,1.5,77.3,44.4,7,8.9,3.6,4.3,No,High,High School,16.5,5,3,43.3
1975,Male,23,5.4,94.4,94.4,10,8.3,5.4,0.6,No,Low,Postgraduate,4.3,10,4,80.3
1976,Female,24,1.9,91.2,84.8,0,5.6,6.7,4.6,Yes,Low,Postgraduate,13.2,9,5,49.9
1977,Female,21,6.6,96.8,55.8,18,6.0,6.0,2.5,No,Medium,Postgraduate,10.5,3,10,74.1
1978,Male,17,1.5,58.8,81.7,15,8.3,5.9,2.8,Yes,Low,Graduate,29.0,7,3,58.1
1979,Female,22,6.1,99.8,93.6,2,7.4,4.1,2.3,Yes,Low,Graduate,20.6,8,10,71.8
1980,Male,17,6.6,87.0,69.7,5,6.4,7.4,3.8,Yes,Medium,High School,14.5,8,2,76.7
1981,Female,21,7.7,59.7,78.0,19,5.8,5.6,3.4,No,Low,Postgraduate,27.7,2,4,75.4
1982,Female,19,2.7,83.1,91.1,7,5.9,3.5,1.5,No,High,Graduate,25.9,9,4,65.9
1983,Female,18,5.4,80.8,70.0,6,4.7,2.0,6.3,Yes,Medium,Postgraduate,17.3,7,5,64.1
1984,Male,24,7.1,87.8,39.1,16,8.4,7.7,6.7,Yes,Low,Graduate,4.5,9,10,66.7
1985,Female,22,2.8,73.1,51.0,20,4.9,1.7,4.3,No,Low,Postgraduate,23.3,9,4,58.4
1986,Female,21,7.0,77.0,95.5,16,8.6,7.0,5.5,No,Medium,High School,2.6,3,4,82.5
1987,Male,19,4.7,94.9,74.8,10,5.6,3.3,1.1,No,Medium,Postgraduate,29.2,2,9,62.5
1988,Female,24,1.0,73.4,60.6,0,5.2,4.0,6.4,Yes,Medium,Graduate,12.7,4,9,32.2
1989,Male,24,6.7,78.8,96.4,0,8.2,2.3,7.0,Yes,Low,Graduate,16.1,8,1,79.0
1990,Female,17,1.0,83.4,82.4,13,8.6,5.9,3.3,Yes,Medium,Postgraduate,8.9,10,4,58.2
1991,Male,24,1.7,86.3,62.4,9,6.9,7.1,6.6,No,High,Graduate,24.6,3,10,38.1
1992,Female,21,3.5,74.9,61.9,12,6.1,2.9,5.5,No,Medium,Postgraduate,11.2,9,3,62.8
1993,Male,17,6.9,91.3,47.2,10,7.9,6.3,0.9,Yes,Low,Postgraduate,12.3,7,3,71.7
1994,Female,17,7.6,66.5,45.8,11,8.8,2.6,0.6,No,Low,Graduate,3.5,1,8,61.5
1995,Male,17,4.4,61.6,44.4,14,6.3,4.4,1.3,No,Low,Graduate,22.0,6,9,48.9
1996,Female,23,6.3,82.0,48.2,4,6.7,2.6,7.0,Yes,High,High School,14.5,3,3,56.8
1997,Male,24,7.2,92.5,86.3,15,7.5,2.3,5.4,Yes,Low,Postgraduate,21.1,4,2,81.5
1998,Male,18,2.8,84.5,50.8,1,5.4,4.1,2.2,Yes,High,Graduate,11.6,4,4,46.3
1999,Male,22,5.3,98.6,43.1,20,6.7,4.8,6.5,Yes,Medium,Graduate,17.6,5,8,62.7
2000,Male,18,3.4,55.7,96.6,20,6.2,3.6,5.1,No,Medium,Postgraduate,21.2,5,5,71.4
